Order Number,Date,Group Major,Pin,Item Description,Qty,Lot,Invoice
889198,5/22/24,MPI & Micell,103871,Instant Micellar Casein Non-GMO LG,1763.68,MS6424121-019,595695
890735,5/17/24,ProBev,104586,INSTANT PROBEV 90,496.035,MS6423142-025,595174
890735,5/17/24,ProBev,104586,INSTANT PROBEV 90,1322.76,MS6424113A-001,595174
890735,5/17/24,ProBev,104586,INSTANT PROBEV 90,1322.76,MS6424113A-002,595174
890735,5/17/24,ProBev,104586,INSTANT PROBEV 90,1322.76,MS6424113A-003,595174
890735,5/17/24,ProBev,104586,INSTANT PROBEV 90,1322.76,MS6424113A-004,595174
890735,5/17/24,ProBev,104586,INSTANT PROBEV 90,1322.76,MS6424113A-005,595174
890735,5/17/24,ProBev,104586,INSTANT PROBEV 90,1322.76,MS6424113A-006,595174
892675,5/22/24,WPC 80,100283-CS063,IWPC80,2204.6,FL24137D1-001,595687
892675,5/22/24,WPC 80,100283-CS063,IWPC80,2204.6,FL24137D1-002,595687
892675,5/22/24,WPC 80,100283-CS063,IWPC80,2204.6,FL24137D1-003,595687
892675,5/22/24,WPC 80,100283-CS063,IWPC80,2204.6,FL24137D1-004,595687
892675,5/22/24,WPC 80,100283-CS063,IWPC80,2204.6,FL24137D1-005,595687
892675,5/22/24,WPC 80,100283-CS063,IWPC80,2204.6,FL24137D1-006,595687
892675,5/22/24,WPC 80,100283-CS063,IWPC80,2204.6,FL24137D1-007,595687
892675,5/22/24,WPC 80,100283-CS063,IWPC80,2204.6,FL24137D1-008,595687
892675,5/22/24,WPC 80,100283-CS063,IWPC80,1763.68,FL24137D1-009,595687
892675,5/22/24,WPC 80,100283-CS063,IWPC80,1763.68,FL24137D1-010,595687
892675,5/22/24,WPC 80,100283-CS063,IWPC80,1763.68,FL24137D1-011,595687
892675,5/22/24,WPC 80,100283-CS063,IWPC80,1763.68,FL24137D1-012,595687
892675,5/22/24,WPC 80,100283-CS063,IWPC80,1763.68,FL24137D1-013,595687
892675,5/22/24,WPC 80,100283-CS063,IWPC80,1763.68,FL24137D1-014,595687
892675,5/22/24,WPC 80,100283-CS063,IWPC80,1763.68,FL24137D1-015,595687
892675,5/22/24,WPC 80,100283-CS063,IWPC80,1763.68,FL24137D1-016,595687
892675,5/22/24,WPC 80,100283-CS063,IWPC80,1763.68,FL24137D1-017,595687
892675,5/22/24,WPC 80,100283-CS063,IWPC80,1763.68,FL24137D1-018,595687
892675,5/22/24,WPC 80,100283-CS063,IWPC80,1763.68,FL24137D1-019,595687
892675,5/22/24,WPC 80,100283-CS063,IWPC80,1763.68,FL24137D1-020,595687
892675,5/22/24,WPC 80,100283-CS063,IWPC80,1763.68,FL24137D1-021,595687
892675,5/22/24,WPC 80,100283-CS063,IWPC80,1763.68,FL24137D1-022,595687
892413,5/22/24,WPC 80,1005208,IWPC80 500KG TOTE,1273,FL24085T2-003,595689
892413,5/22/24,WPC 80,1005208,IWPC80 500KG TOTE,1255,FL24085T2-004,595689
892413,5/22/24,WPC 80,1005208,IWPC80 500KG TOTE,1402,FL24137D2-001,595689
892413,5/22/24,WPC 80,1005208,IWPC80 500KG TOTE,1408,FL24137D2-002,595689
892413,5/22/24,WPC 80,1005208,IWPC80 500KG TOTE,1369,FL24137D2-003,595689
892413,5/22/24,WPC 80,1005208,IWPC80 500KG TOTE,1401,FL24137D2-004,595689
892413,5/22/24,WPC 80,1005208,IWPC80 500KG TOTE,1350,FL24137D2-005,595689
892413,5/22/24,WPC 80,1005208,IWPC80 500KG TOTE,1399,FL24137D2-006,595689
892413,5/22/24,WPC 80,1005208,IWPC80 500KG TOTE,1405,FL24137D2-007,595689
892413,5/22/24,WPC 80,1005208,IWPC80 500KG TOTE,1374,FL24137D2-008,595689
892413,5/22/24,WPC 80,1005208,IWPC80 500KG TOTE,1403,FL24137D2-009,595689
892413,5/22/24,WPC 80,1005208,IWPC80 500KG TOTE,1401,FL24137D2-010,595689
892413,5/22/24,WPC 80,1005208,IWPC80 500KG TOTE,1410,FL24137D2-011,595689
890801,5/20/24,WPC 80,104151-191230,IWPC80 NON-GMO,1763.68,FL24123D1-006,595340
890801,5/20/24,WPC 80,104151-191230,IWPC80 NON-GMO,1763.68,FL24123D1-007,595340
890801,5/20/24,WPC 80,104151-191230,IWPC80 NON-GMO,1763.68,FL24123D1-008,595340
890801,5/20/24,WPC 80,104151-191230,IWPC80 NON-GMO,1763.68,FL24123D1-009,595340
890801,5/20/24,WPC 80,104151-191230,IWPC80 NON-GMO,1763.68,FL24123D1-010,595340
890801,5/20/24,WPC 80,104151-191230,IWPC80 NON-GMO,1763.68,FL24123D1-011,595340
890801,5/20/24,WPC 80,104151-191230,IWPC80 NON-GMO,1763.68,FL24123D1-012,595340
890801,5/20/24,WPC 80,104151-191230,IWPC80 NON-GMO,1763.68,FL24123D1-013,595340
890801,5/20/24,WPC 80,104151-191230,IWPC80 NON-GMO,1763.68,FL24123D1-014,595340
890801,5/20/24,WPC 80,104151-191230,IWPC80 NON-GMO,1763.68,FL24123D1-015,595340
890801,5/20/24,WPC 80,104151-191230,IWPC80 NON-GMO,1763.68,FL24123D1-016,595340
890801,5/20/24,WPC 80,104151-191230,IWPC80 NON-GMO,1763.68,FL24123D1-017,595340
890801,5/20/24,WPC 80,104151-191230,IWPC80 NON-GMO,1763.68,FL24123D1-018,595340
890801,5/20/24,WPC 80,104151-191230,IWPC80 NON-GMO,1763.68,FL24123D1-019,595340
890801,5/20/24,WPC 80,104151-191230,IWPC80 NON-GMO,1763.68,FL24123D1-020,595340
890801,5/20/24,WPC 80,104151-191230,IWPC80 NON-GMO,1763.68,FL24123D1-021,595340
890801,5/20/24,WPC 80,104151-191230,IWPC80 NON-GMO,1763.68,FL24123D1-022,595340
890801,5/20/24,WPC 80,104151-191230,IWPC80 NON-GMO,1763.68,FL24123D1-023,595340
890801,5/20/24,WPC 80,104151-191230,IWPC80 NON-GMO,1763.68,FL24123D1-024,595340
890801,5/20/24,WPC 80,104151-191230,IWPC80 NON-GMO,1763.68,FL24123D1-025,595340
890801,5/20/24,WPC 80,104151-191230,IWPC80 NON-GMO,1763.68,FL24123D1-026,595340
890801,5/20/24,WPC 80,104151-191230,IWPC80 NON-GMO,1763.68,FL24123D1-027,595340
890801,5/20/24,WPC 80,104151-191230,IWPC80 NON-GMO,1763.68,FL24123D1-028,595340
890801,5/20/24,WPC 80,104151-191230,IWPC80 NON-GMO,1763.68,FL24123D1-029,595340
890132,5/16/24,WPI,100245-CS055,IWPI90,44.092,FL24107A1-078,595080
889570,5/17/24,WPI,100245-102170,IWPI90,1719.588,FL24125A1-083,595170
889570,5/17/24,WPI,100245-102170,IWPI90,1763.68,FL24125A1-084,595170
889570,5/17/24,WPI,100245-102170,IWPI90,1763.68,FL24125A1-085,595170
889570,5/17/24,WPI,100245-102170,IWPI90,1763.68,FL24125A1-086,595170
889570,5/17/24,WPI,100245-102170,IWPI90,1719.588,FL24125A1-087,595170
876715,5/16/24,WPI,100245-CS055,IWPI90,1763.68,FL24127A1-001,595070
876715,5/16/24,WPI,100245-CS055,IWPI90,1763.68,FL24127A1-002,595070
892438,5/20/24,WPI,100245-CS055,IWPI90,1763.68,FL24127A1-004,595350
892438,5/20/24,WPI,100245-CS055,IWPI90,1763.68,FL24127A1-010,595350
892438,5/20/24,WPI,100245-CS055,IWPI90,1763.68,FL24127A1-011,595350
892438,5/20/24,WPI,100245-CS055,IWPI90,1763.68,FL24127A1-012,595350
892438,5/20/24,WPI,100245-CS055,IWPI90,1763.68,FL24127A1-013,595350
892438,5/20/24,WPI,100245-CS055,IWPI90,1763.68,FL24127A1-014,595350
892438,5/20/24,WPI,100245-CS055,IWPI90,1763.68,FL24127A1-015,595350
892438,5/20/24,WPI,100245-CS055,IWPI90,1763.68,FL24127A1-016,595350
892438,5/20/24,WPI,100245-CS055,IWPI90,1763.68,FL24127A1-017,595350
892438,5/20/24,WPI,100245-CS055,IWPI90,1763.68,FL24127A1-018,595350
892438,5/20/24,WPI,100245-CS055,IWPI90,1763.68,FL24127A1-019,595350
876715,5/16/24,WPI,100245-CS055,IWPI90,1763.68,FL24127A1-020,595070
876715,5/16/24,WPI,100245-CS055,IWPI90,1763.68,FL24127A1-021,595070
876715,5/16/24,WPI,100245-CS055,IWPI90,1763.68,FL24127A1-022,595070
876715,5/16/24,WPI,100245-CS055,IWPI90,1763.68,FL24127A1-023,595070
876715,5/16/24,WPI,100245-CS055,IWPI90,1763.68,FL24127A1-024,595070
876715,5/16/24,WPI,100245-CS055,IWPI90,1763.68,FL24127A1-025,595070
876714,5/16/24,WPI,100245-CS055,IWPI90,1763.68,FL24128A1-004,595021
876714,5/16/24,WPI,100245-CS055,IWPI90,1763.68,FL24128A1-005,595021
876714,5/16/24,WPI,100245-CS055,IWPI90,1763.68,FL24128A1-006,595021
876714,5/16/24,WPI,100245-CS055,IWPI90,1763.68,FL24128A1-007,595021
876714,5/16/24,WPI,100245-CS055,IWPI90,1763.68,FL24128A1-008,595021
876714,5/16/24,WPI,100245-CS055,IWPI90,1763.68,FL24128A1-009,595021
876714,5/16/24,WPI,100245-CS055,IWPI90,1763.68,FL24128A1-010,595021
876714,5/16/24,WPI,100245-CS055,IWPI90,1763.68,FL24128A1-011,595021
876714,5/16/24,WPI,100245-CS055,IWPI90,1763.68,FL24128A1-012,595021
876714,5/16/24,WPI,100245-CS055,IWPI90,1763.68,FL24128A1-013,595021
876714,5/16/24,WPI,100245-CS055,IWPI90,1763.68,FL24128A1-014,595021
876714,5/16/24,WPI,100245-CS055,IWPI90,1763.68,FL24128A1-015,595021
876714,5/16/24,WPI,100245-CS055,IWPI90,1763.68,FL24128A1-016,595021
876714,5/16/24,WPI,100245-CS055,IWPI90,1763.68,FL24128A1-017,595021
876714,5/16/24,WPI,100245-CS055,IWPI90,1763.68,FL24128A1-018,595021
876714,5/16/24,WPI,100245-CS055,IWPI90,1763.68,FL24128A1-019,595021
876714,5/16/24,WPI,100245-CS055,IWPI90,1763.68,FL24128A1-020,595021
876714,5/16/24,WPI,100245-CS055,IWPI90,1763.68,FL24128A1-021,595021
876714,5/16/24,WPI,100245-CS055,IWPI90,1763.68,FL24128A1-022,595021
876714,5/16/24,WPI,100245-CS055,IWPI90,1763.68,FL24128A1-023,595021
876714,5/16/24,WPI,100245-CS055,IWPI90,1763.68,FL24128A1-024,595021
876714,5/16/24,WPI,100245-CS055,IWPI90,1763.68,FL24128A1-025,595021
876714,5/16/24,WPI,100245-CS055,IWPI90,1763.68,FL24128A1-026,595021
876714,5/16/24,WPI,100245-CS055,IWPI90,1763.68,FL24128A1-027,595021
876715,5/16/24,WPI,100245-CS055,IWPI90,1763.68,FL24128A1-028,595070
876715,5/16/24,WPI,100245-CS055,IWPI90,1763.68,FL24128A1-029,595070
876715,5/16/24,WPI,100245-CS055,IWPI90,1763.68,FL24128A1-030,595070
876715,5/16/24,WPI,100245-CS055,IWPI90,1763.68,FL24128A1-031,595070
876715,5/16/24,WPI,100245-CS055,IWPI90,1763.68,FL24128A1-032,595070
876715,5/16/24,WPI,100245-CS055,IWPI90,1763.68,FL24128A1-033,595070
876715,5/16/24,WPI,100245-CS055,IWPI90,1763.68,FL24128A1-034,595070
876715,5/16/24,WPI,100245-CS055,IWPI90,1763.68,FL24128A1-035,595070
876715,5/16/24,WPI,100245-CS055,IWPI90,1763.68,FL24128A1-036,595070
876713,5/16/24,WPI,100245-CS055,IWPI90,1763.68,FL24128A1-061,595025
876713,5/16/24,WPI,100245-CS055,IWPI90,1763.68,FL24128A1-062,595025
876713,5/16/24,WPI,100245-CS055,IWPI90,1763.68,FL24128A1-063,595025
876713,5/16/24,WPI,100245-CS055,IWPI90,1763.68,FL24128A1-064,595025
876713,5/16/24,WPI,100245-CS055,IWPI90,1763.68,FL24128A1-065,595025
876713,5/16/24,WPI,100245-CS055,IWPI90,1763.68,FL24128A1-066,595025
876713,5/16/24,WPI,100245-CS055,IWPI90,1763.68,FL24128A1-067,595025
876713,5/16/24,WPI,100245-CS055,IWPI90,1763.68,FL24128A1-068,595025
876713,5/16/24,WPI,100245-CS055,IWPI90,1763.68,FL24128A1-069,595025
876713,5/16/24,WPI,100245-CS055,IWPI90,1763.68,FL24128A1-070,595025
876713,5/16/24,WPI,100245-CS055,IWPI90,1763.68,FL24128A1-071,595025
876713,5/16/24,WPI,100245-CS055,IWPI90,1763.68,FL24128A1-072,595025
876713,5/16/24,WPI,100245-CS055,IWPI90,1763.68,FL24128A1-073,595025
876713,5/16/24,WPI,100245-CS055,IWPI90,1763.68,FL24128A1-074,595025
876713,5/16/24,WPI,100245-CS055,IWPI90,1763.68,FL24128A1-075,595025
876713,5/16/24,WPI,100245-CS055,IWPI90,1763.68,FL24128A1-076,595025
876713,5/16/24,WPI,100245-CS055,IWPI90,1763.68,FL24128A1-077,595025
876713,5/16/24,WPI,100245-CS055,IWPI90,1763.68,FL24128A1-078,595025
876713,5/16/24,WPI,100245-CS055,IWPI90,1763.68,FL24128A1-079,595025
876713,5/16/24,WPI,100245-CS055,IWPI90,1763.68,FL24128A1-080,595025
876713,5/16/24,WPI,100245-CS055,IWPI90,1763.68,FL24128A1-081,595025
876713,5/16/24,WPI,100245-CS055,IWPI90,1763.68,FL24128A1-082,595025
876713,5/16/24,WPI,100245-CS055,IWPI90,1763.68,FL24128A1-083,595025
876713,5/16/24,WPI,100245-CS055,IWPI90,1763.68,FL24128A1-084,595025
889571,5/22/24,WPI,100245-102170,IWPI90,1763.68,FL24131A1-001,595717
891389,5/20/24,WPI,100245-102170,IWPI90,1763.68,FL24131A1-002,595342
891389,5/20/24,WPI,100245-102170,IWPI90,1763.68,FL24131A1-003,595342
891389,5/20/24,WPI,100245-102170,IWPI90,1763.68,FL24131A1-004,595342
891389,5/20/24,WPI,100245-102170,IWPI90,1763.68,FL24131A1-005,595342
891389,5/20/24,WPI,100245-102170,IWPI90,1763.68,FL24131A1-006,595342
891389,5/20/24,WPI,100245-102170,IWPI90,1763.68,FL24131A1-007,595342
891389,5/20/24,WPI,100245-102170,IWPI90,1763.68,FL24131A1-008,595342
891389,5/20/24,WPI,100245-102170,IWPI90,1763.68,FL24131A1-009,595342
891389,5/20/24,WPI,100245-102170,IWPI90,1763.68,FL24131A1-010,595342
891389,5/20/24,WPI,100245-102170,IWPI90,1763.68,FL24131A1-011,595342
891389,5/20/24,WPI,100245-102170,IWPI90,1763.68,FL24131A1-012,595342
891389,5/20/24,WPI,100245-102170,IWPI90,1763.68,FL24131A1-013,595342
891389,5/20/24,WPI,100245-102170,IWPI90,1763.68,FL24131A1-014,595342
891389,5/20/24,WPI,100245-102170,IWPI90,1763.68,FL24131A1-015,595342
891389,5/20/24,WPI,100245-102170,IWPI90,1763.68,FL24131A1-016,595342
891389,5/20/24,WPI,100245-102170,IWPI90,1763.68,FL24131A1-017,595342
891389,5/20/24,WPI,100245-102170,IWPI90,1763.68,FL24131A1-018,595342
891389,5/20/24,WPI,100245-102170,IWPI90,1763.68,FL24131A1-019,595342
891389,5/20/24,WPI,100245-102170,IWPI90,1763.68,FL24131A1-020,595342
891389,5/20/24,WPI,100245-102170,IWPI90,1763.68,FL24131A1-021,595342
891389,5/20/24,WPI,100245-102170,IWPI90,1763.68,FL24131A1-022,595342
889571,5/22/24,WPI,100245-102170,IWPI90,1763.68,FL24131A1-023,595717
889571,5/22/24,WPI,100245-102170,IWPI90,1763.68,FL24131A1-024,595717
889571,5/22/24,WPI,100245-102170,IWPI90,1763.68,FL24131A1-025,595717
889571,5/22/24,WPI,100245-102170,IWPI90,1763.68,FL24131A1-026,595717
889571,5/22/24,WPI,100245-102170,IWPI90,1763.68,FL24131A1-027,595717
889571,5/22/24,WPI,100245-102170,IWPI90,1763.68,FL24131A1-028,595717
889571,5/22/24,WPI,100245-102170,IWPI90,1763.68,FL24131A1-029,595717
889571,5/22/24,WPI,100245-102170,IWPI90,1763.68,FL24131A1-030,595717
891389,5/20/24,WPI,100245-102170,IWPI90,1763.68,FL24131A1-031,595342
891389,5/20/24,WPI,100245-102170,IWPI90,1763.68,FL24131A1-032,595342
891389,5/20/24,WPI,100245-102170,IWPI90,1763.68,FL24131A1-033,595342
887361,5/22/24,WPI,100245-102170,IWPI90,1763.68,FL24131A1-034,595684
887361,5/22/24,WPI,100245-102170,IWPI90,1763.68,FL24131A1-035,595684
891393,5/20/24,WPI,100245-102170,IWPI90,1763.68,FL24131A1-036,595341
891393,5/20/24,WPI,100245-102170,IWPI90,1763.68,FL24131A1-037,595341
891393,5/20/24,WPI,100245-102170,IWPI90,1763.68,FL24131A1-038,595341
891393,5/20/24,WPI,100245-102170,IWPI90,1763.68,FL24131A1-039,595341
891393,5/20/24,WPI,100245-102170,IWPI90,1763.68,FL24131A1-040,595341
891393,5/20/24,WPI,100245-102170,IWPI90,1763.68,FL24131A1-041,595341
891393,5/20/24,WPI,100245-102170,IWPI90,1763.68,FL24131A1-042,595341
891393,5/20/24,WPI,100245-102170,IWPI90,1763.68,FL24131A1-043,595341
891393,5/20/24,WPI,100245-102170,IWPI90,1763.68,FL24131A1-044,595341
891393,5/20/24,WPI,100245-102170,IWPI90,1763.68,FL24131A1-045,595341
891393,5/20/24,WPI,100245-102170,IWPI90,1763.68,FL24131A1-046,595341
891393,5/20/24,WPI,100245-102170,IWPI90,1763.68,FL24131A1-047,595341
891393,5/20/24,WPI,100245-102170,IWPI90,1763.68,FL24131A1-048,595341
891393,5/20/24,WPI,100245-102170,IWPI90,1763.68,FL24131A1-049,595341
891393,5/20/24,WPI,100245-102170,IWPI90,1763.68,FL24131A1-050,595341
891393,5/20/24,WPI,100245-102170,IWPI90,1763.68,FL24131A1-051,595341
891393,5/20/24,WPI,100245-102170,IWPI90,1763.68,FL24131A1-052,595341
891393,5/20/24,WPI,100245-102170,IWPI90,1763.68,FL24131A1-053,595341
889570,5/17/24,WPI,100245-102170,IWPI90,1763.68,FL24131A1-054,595170
889570,5/17/24,WPI,100245-102170,IWPI90,1763.68,FL24131A1-055,595170
889570,5/17/24,WPI,100245-102170,IWPI90,1763.68,FL24131A1-056,595170
884321,5/17/24,WPI,100245-102170,IWPI90,1763.68,FL24131A1-057,595186
884321,5/17/24,WPI,100245-102170,IWPI90,1763.68,FL24131A1-058,595186
884321,5/17/24,WPI,100245-102170,IWPI90,1763.68,FL24131A1-059,595186
884321,5/17/24,WPI,100245-102170,IWPI90,1763.68,FL24131A1-060,595186
884321,5/17/24,WPI,100245-102170,IWPI90,1763.68,FL24131A1-061,595186
884321,5/17/24,WPI,100245-102170,IWPI90,1763.68,FL24131A1-062,595186
884321,5/17/24,WPI,100245-102170,IWPI90,1763.68,FL24131A1-063,595186
884321,5/17/24,WPI,100245-102170,IWPI90,1763.68,FL24131A1-064,595186
884321,5/17/24,WPI,100245-102170,IWPI90,1763.68,FL24131A1-065,595186
884321,5/17/24,WPI,100245-102170,IWPI90,1763.68,FL24131A1-066,595186
884321,5/17/24,WPI,100245-102170,IWPI90,1763.68,FL24131A1-067,595186
884321,5/17/24,WPI,100245-102170,IWPI90,1763.68,FL24131A1-068,595186
884321,5/17/24,WPI,100245-102170,IWPI90,1763.68,FL24131A1-069,595186
884321,5/17/24,WPI,100245-102170,IWPI90,1763.68,FL24131A1-070,595186
884321,5/17/24,WPI,100245-102170,IWPI90,1763.68,FL24131A1-071,595186
884321,5/17/24,WPI,100245-102170,IWPI90,1763.68,FL24131A1-072,595186
884321,5/17/24,WPI,100245-102170,IWPI90,1763.68,FL24131A1-073,595186
884321,5/17/24,WPI,100245-102170,IWPI90,1763.68,FL24131A1-074,595186
884321,5/17/24,WPI,100245-102170,IWPI90,1763.68,FL24131A1-075,595186
889570,5/17/24,WPI,100245-102170,IWPI90,1763.68,FL24131A1-076,595170
889570,5/17/24,WPI,100245-102170,IWPI90,1763.68,FL24131A1-077,595170
889570,5/17/24,WPI,100245-102170,IWPI90,1763.68,FL24131A1-078,595170
889570,5/17/24,WPI,100245-102170,IWPI90,1763.68,FL24131A1-079,595170
884321,5/17/24,WPI,100245-102170,IWPI90,1763.68,FL24131A1-080,595186
884321,5/17/24,WPI,100245-102170,IWPI90,1763.68,FL24131A1-081,595186
884321,5/17/24,WPI,100245-102170,IWPI90,1763.68,FL24131A1-082,595186
884321,5/17/24,WPI,100245-102170,IWPI90,1763.68,FL24131A1-083,595186
884321,5/17/24,WPI,100245-102170,IWPI90,1763.68,FL24131A1-084,595186
889570,5/17/24,WPI,100245-102170,IWPI90,1763.68,FL24131A1-085,595170
889570,5/17/24,WPI,100245-102170,IWPI90,1763.68,FL24131A1-086,595170
889570,5/17/24,WPI,100245-102170,IWPI90,1763.68,FL24131A1-087,595170
889570,5/17/24,WPI,100245-102170,IWPI90,1763.68,FL24131A1-088,595170
889570,5/17/24,WPI,100245-102170,IWPI90,1763.68,FL24131A1-089,595170
889570,5/17/24,WPI,100245-102170,IWPI90,1763.68,FL24131A1-090,595170
889570,5/17/24,WPI,100245-102170,IWPI90,1763.68,FL24131A1-091,595170
889570,5/17/24,WPI,100245-102170,IWPI90,1763.68,FL24131A1-092,595170
889570,5/17/24,WPI,100245-102170,IWPI90,1763.68,FL24131A1-093,595170
889570,5/17/24,WPI,100245-102170,IWPI90,1763.68,FL24131A1-094,595170
889570,5/17/24,WPI,100245-102170,IWPI90,1763.68,FL24131A1-095,595170
889570,5/17/24,WPI,100245-102170,IWPI90,1763.68,FL24131A1-096,595170
889570,5/17/24,WPI,100245-102170,IWPI90,88.184,FL24131A1-097,595170
887361,5/22/24,WPI,100245-102170,IWPI90,793.656,FL24131A1-097,595684
884322,5/17/24,WPI,100245-102170,IWPI90,1763.68,FL24132A1-002,595184
884322,5/17/24,WPI,100245-102170,IWPI90,1763.68,FL24132A1-003,595184
884322,5/17/24,WPI,100245-102170,IWPI90,1763.68,FL24132A1-004,595184
884322,5/17/24,WPI,100245-102170,IWPI90,1763.68,FL24132A1-005,595184
884322,5/17/24,WPI,100245-102170,IWPI90,1763.68,FL24132A1-006,595184
884322,5/17/24,WPI,100245-102170,IWPI90,1763.68,FL24132A1-007,595184
884322,5/17/24,WPI,100245-102170,IWPI90,1763.68,FL24132A1-008,595184
884322,5/17/24,WPI,100245-102170,IWPI90,1763.68,FL24132A1-009,595184
884322,5/17/24,WPI,100245-102170,IWPI90,1763.68,FL24132A1-010,595184
884322,5/17/24,WPI,100245-102170,IWPI90,1763.68,FL24132A1-011,595184
884322,5/17/24,WPI,100245-102170,IWPI90,1763.68,FL24132A1-012,595184
884322,5/17/24,WPI,100245-102170,IWPI90,1763.68,FL24132A1-013,595184
884322,5/17/24,WPI,100245-102170,IWPI90,1763.68,FL24132A1-014,595184
884322,5/17/24,WPI,100245-102170,IWPI90,1763.68,FL24132A1-015,595184
884322,5/17/24,WPI,100245-102170,IWPI90,1763.68,FL24132A1-016,595184
884322,5/17/24,WPI,100245-102170,IWPI90,1763.68,FL24132A1-017,595184
884322,5/17/24,WPI,100245-102170,IWPI90,1763.68,FL24132A1-018,595184
884322,5/17/24,WPI,100245-102170,IWPI90,1763.68,FL24132A1-019,595184
884322,5/17/24,WPI,100245-102170,IWPI90,1763.68,FL24132A1-020,595184
884322,5/17/24,WPI,100245-102170,IWPI90,1763.68,FL24132A1-026,595184
884322,5/17/24,WPI,100245-102170,IWPI90,1763.68,FL24132A1-027,595184
884322,5/17/24,WPI,100245-102170,IWPI90,1763.68,FL24132A1-028,595184
884322,5/17/24,WPI,100245-102170,IWPI90,1763.68,FL24132A1-029,595184
884322,5/17/24,WPI,100245-102170,IWPI90,1763.68,FL24132A1-030,595184
885526,5/17/24,WPI,100245-102170,IWPI90,1763.68,FL24132A1-031,595175
885526,5/17/24,WPI,100245-102170,IWPI90,1763.68,FL24132A1-032,595175
885526,5/17/24,WPI,100245-102170,IWPI90,1763.68,FL24132A1-033,595175
885526,5/17/24,WPI,100245-102170,IWPI90,1763.68,FL24132A1-034,595175
885526,5/17/24,WPI,100245-102170,IWPI90,1763.68,FL24132A1-035,595175
885526,5/17/24,WPI,100245-102170,IWPI90,1763.68,FL24132A1-036,595175
885526,5/17/24,WPI,100245-102170,IWPI90,1763.68,FL24132A1-037,595175
885526,5/17/24,WPI,100245-102170,IWPI90,1763.68,FL24132A1-038,595175
885526,5/17/24,WPI,100245-102170,IWPI90,1763.68,FL24132A1-039,595175
885526,5/17/24,WPI,100245-102170,IWPI90,1763.68,FL24132A1-040,595175
885526,5/17/24,WPI,100245-102170,IWPI90,1763.68,FL24132A1-041,595175
885526,5/17/24,WPI,100245-102170,IWPI90,1763.68,FL24132A1-042,595175
885526,5/17/24,WPI,100245-102170,IWPI90,1763.68,FL24132A1-043,595175
885526,5/17/24,WPI,100245-102170,IWPI90,1763.68,FL24132A1-044,595175
885526,5/17/24,WPI,100245-102170,IWPI90,1763.68,FL24132A1-045,595175
885526,5/17/24,WPI,100245-102170,IWPI90,1763.68,FL24132A1-046,595175
885526,5/17/24,WPI,100245-102170,IWPI90,1763.68,FL24132A1-047,595175
885526,5/17/24,WPI,100245-102170,IWPI90,1763.68,FL24132A1-048,595175
885527,5/17/24,WPI,100245-102170,IWPI90,1763.68,FL24132A1-049,595191
885527,5/17/24,WPI,100245-102170,IWPI90,1763.68,FL24132A1-050,595191
885527,5/17/24,WPI,100245-102170,IWPI90,1763.68,FL24132A1-051,595191
885527,5/17/24,WPI,100245-102170,IWPI90,1763.68,FL24132A1-052,595191
885527,5/17/24,WPI,100245-102170,IWPI90,1763.68,FL24132A1-053,595191
885527,5/17/24,WPI,100245-102170,IWPI90,1763.68,FL24132A1-054,595191
885527,5/17/24,WPI,100245-102170,IWPI90,1763.68,FL24132A1-055,595191
885527,5/17/24,WPI,100245-102170,IWPI90,1763.68,FL24132A1-056,595191
885527,5/17/24,WPI,100245-102170,IWPI90,1763.68,FL24132A1-057,595191
885527,5/17/24,WPI,100245-102170,IWPI90,1763.68,FL24132A1-058,595191
885527,5/17/24,WPI,100245-102170,IWPI90,1763.68,FL24132A1-059,595191
885527,5/17/24,WPI,100245-102170,IWPI90,1763.68,FL24132A1-060,595191
885527,5/17/24,WPI,100245-102170,IWPI90,1763.68,FL24132A1-061,595191
885527,5/17/24,WPI,100245-102170,IWPI90,1763.68,FL24132A1-062,595191
885527,5/17/24,WPI,100245-102170,IWPI90,1763.68,FL24132A1-063,595191
885527,5/17/24,WPI,100245-102170,IWPI90,1763.68,FL24132A1-064,595191
885527,5/17/24,WPI,100245-102170,IWPI90,1763.68,FL24132A1-065,595191
885527,5/17/24,WPI,100245-102170,IWPI90,1763.68,FL24132A1-066,595191
885527,5/17/24,WPI,100245-102170,IWPI90,1763.68,FL24132A1-067,595191
885527,5/17/24,WPI,100245-102170,IWPI90,1763.68,FL24132A1-068,595191
885527,5/17/24,WPI,100245-102170,IWPI90,1763.68,FL24132A1-069,595191
885527,5/17/24,WPI,100245-102170,IWPI90,1763.68,FL24132A1-070,595191
885527,5/17/24,WPI,100245-102170,IWPI90,1763.68,FL24132A1-071,595191
885527,5/17/24,WPI,100245-102170,IWPI90,1763.68,FL24132A1-072,595191
887361,5/22/24,WPI,100245-102170,IWPI90,1763.68,FL24132A1-073,595684
887361,5/22/24,WPI,100245-102170,IWPI90,1763.68,FL24132A1-074,595684
887361,5/22/24,WPI,100245-102170,IWPI90,1763.68,FL24132A1-075,595684
887361,5/22/24,WPI,100245-102170,IWPI90,1763.68,FL24132A1-076,595684
887361,5/22/24,WPI,100245-102170,IWPI90,1763.68,FL24132A1-077,595684
887361,5/22/24,WPI,100245-102170,IWPI90,1763.68,FL24132A1-078,595684
887361,5/22/24,WPI,100245-102170,IWPI90,1763.68,FL24132A1-079,595684
887361,5/22/24,WPI,100245-102170,IWPI90,1763.68,FL24132A1-080,595684
887361,5/22/24,WPI,100245-102170,IWPI90,1763.68,FL24132A1-081,595684
887361,5/22/24,WPI,100245-102170,IWPI90,1763.68,FL24132A1-082,595684
887361,5/22/24,WPI,100245-102170,IWPI90,1763.68,FL24132A1-083,595684
887361,5/22/24,WPI,100245-102170,IWPI90,1763.68,FL24132A1-084,595684
887361,5/22/24,WPI,100245-102170,IWPI90,1763.68,FL24132A1-085,595684
887361,5/22/24,WPI,100245-102170,IWPI90,1763.68,FL24132A1-086,595684
887361,5/22/24,WPI,100245-102170,IWPI90,1763.68,FL24132A1-087,595684
887361,5/22/24,WPI,100245-102170,IWPI90,1763.68,FL24132A1-088,595684
887361,5/22/24,WPI,100245-102170,IWPI90,1763.68,FL24132A1-089,595684
887361,5/22/24,WPI,100245-102170,IWPI90,1763.68,FL24132A1-090,595684
887361,5/22/24,WPI,100245-102170,IWPI90,1763.68,FL24132A1-091,595684
887361,5/22/24,WPI,100245-102170,IWPI90,1763.68,FL24132A1-092,595684
887361,5/22/24,WPI,100245-102170,IWPI90,1763.68,FL24132A1-093,595684
887361,5/22/24,WPI,100245-102170,IWPI90,970.024,FL24132A1-094,595684
889571,5/22/24,WPI,100245-102170,IWPI90,1763.68,FL24137A1-001,595717
889571,5/22/24,WPI,100245-102170,IWPI90,1763.68,FL24137A1-002,595717
889571,5/22/24,WPI,100245-102170,IWPI90,1763.68,FL24137A1-003,595717
889571,5/22/24,WPI,100245-102170,IWPI90,1763.68,FL24137A1-004,595717
889571,5/22/24,WPI,100245-102170,IWPI90,1763.68,FL24137A1-005,595717
889571,5/22/24,WPI,100245-102170,IWPI90,1763.68,FL24137A1-006,595717
889571,5/22/24,WPI,100245-102170,IWPI90,1763.68,FL24137A1-007,595717
889571,5/22/24,WPI,100245-102170,IWPI90,1763.68,FL24137A1-008,595717
889571,5/22/24,WPI,100245-102170,IWPI90,1763.68,FL24137A1-009,595717
889571,5/22/24,WPI,100245-102170,IWPI90,1763.68,FL24137A1-010,595717
889571,5/22/24,WPI,100245-102170,IWPI90,1763.68,FL24137A1-011,595717
889571,5/22/24,WPI,100245-102170,IWPI90,1763.68,FL24137A1-012,595717
889571,5/22/24,WPI,100245-102170,IWPI90,1763.68,FL24137A1-013,595717
889571,5/22/24,WPI,100245-102170,IWPI90,1763.68,FL24137A1-014,595717
889571,5/22/24,WPI,100245-102170,IWPI90,1763.68,FL24137A1-015,595717
891394,5/22/24,WPI,100245-102170,IWPI90,1763.68,FL24137A1-016,595729
891394,5/22/24,WPI,100245-102170,IWPI90,1763.68,FL24137A1-017,595729
891394,5/22/24,WPI,100245-102170,IWPI90,1763.68,FL24137A1-018,595729
891394,5/22/24,WPI,100245-102170,IWPI90,1763.68,FL24137A1-019,595729
891394,5/22/24,WPI,100245-102170,IWPI90,1763.68,FL24137A1-020,595729
891394,5/22/24,WPI,100245-102170,IWPI90,1763.68,FL24137A1-021,595729
891394,5/22/24,WPI,100245-102170,IWPI90,1763.68,FL24137A1-022,595729
891394,5/22/24,WPI,100245-102170,IWPI90,1763.68,FL24137A1-023,595729
891394,5/22/24,WPI,100245-102170,IWPI90,1763.68,FL24137A1-024,595729
891394,5/22/24,WPI,100245-102170,IWPI90,1763.68,FL24137A1-025,595729
891394,5/22/24,WPI,100245-102170,IWPI90,1763.68,FL24137A1-026,595729
891394,5/22/24,WPI,100245-102170,IWPI90,1763.68,FL24137A1-027,595729
891394,5/22/24,WPI,100245-102170,IWPI90,1763.68,FL24137A1-028,595729
891394,5/22/24,WPI,100245-102170,IWPI90,1763.68,FL24137A1-029,595729
891394,5/22/24,WPI,100245-102170,IWPI90,1763.68,FL24137A1-030,595729
891394,5/22/24,WPI,100245-102170,IWPI90,1763.68,FL24137A1-031,595729
891394,5/22/24,WPI,100245-102170,IWPI90,1763.68,FL24137A1-032,595729
891394,5/22/24,WPI,100245-102170,IWPI90,1763.68,FL24137A1-033,595729
891394,5/22/24,WPI,100245-102170,IWPI90,1763.68,FL24137A1-034,595729
891394,5/22/24,WPI,100245-102170,IWPI90,1763.68,FL24137A1-035,595729
891394,5/22/24,WPI,100245-102170,IWPI90,1763.68,FL24137A1-036,595729
891394,5/22/24,WPI,100245-102170,IWPI90,1763.68,FL24137A1-037,595729
891394,5/22/24,WPI,100245-102170,IWPI90,1763.68,FL24137A1-038,595729
891394,5/22/24,WPI,100245-102170,IWPI90,1763.68,FL24137A1-039,595729
891317,5/23/24,WPI,100245-102170,IWPI90,1763.68,FL24137A1-042,595785
891317,5/23/24,WPI,100245-102170,IWPI90,1763.68,FL24137A1-043,595785
891317,5/23/24,WPI,100245-102170,IWPI90,1763.68,FL24137A1-044,595785
891317,5/23/24,WPI,100245-102170,IWPI90,1763.68,FL24137A1-045,595785
891317,5/23/24,WPI,100245-102170,IWPI90,1763.68,FL24137A1-051,595785
891317,5/23/24,WPI,100245-102170,IWPI90,1763.68,FL24137A1-052,595785
891317,5/23/24,WPI,100245-102170,IWPI90,1763.68,FL24137A1-053,595785
891317,5/23/24,WPI,100245-102170,IWPI90,1763.68,FL24137A1-054,595785
891317,5/23/24,WPI,100245-102170,IWPI90,1763.68,FL24137A1-055,595785
891317,5/23/24,WPI,100245-102170,IWPI90,1763.68,FL24137A1-056,595785
891317,5/23/24,WPI,100245-102170,IWPI90,1763.68,FL24137A1-057,595785
891317,5/23/24,WPI,100245-102170,IWPI90,1763.68,FL24137A1-058,595785
891317,5/23/24,WPI,100245-102170,IWPI90,1763.68,FL24137A1-059,595785
891317,5/23/24,WPI,100245-102170,IWPI90,1763.68,FL24137A1-060,595785
891317,5/23/24,WPI,100245-102170,IWPI90,1763.68,FL24137A1-061,595785
891317,5/23/24,WPI,100245-102170,IWPI90,1763.68,FL24137A1-062,595785
891317,5/23/24,WPI,100245-102170,IWPI90,1763.68,FL24137A1-063,595785
891317,5/23/24,WPI,100245-102170,IWPI90,1763.68,FL24137A1-064,595785
891317,5/23/24,WPI,100245-102170,IWPI90,1763.68,FL24137A1-065,595785
891317,5/23/24,WPI,100245-102170,IWPI90,1763.68,FL24137A1-066,595785
891317,5/23/24,WPI,100245-102170,IWPI90,1763.68,FL24137A1-067,595785
891317,5/23/24,WPI,100245-102170,IWPI90,1763.68,FL24137A1-068,595785
891317,5/23/24,WPI,100245-102170,IWPI90,1763.68,FL24137A1-069,595785
891317,5/23/24,WPI,100245-102170,IWPI90,1763.68,FL24137A1-070,595785
871830,5/20/24,WPI,1005206,IWPI90 500KG TOTE,1321,FL24123A4-001,595403
871830,5/20/24,WPI,1005206,IWPI90 500KG TOTE,1319,FL24123A4-002,595403
871830,5/20/24,WPI,1005206,IWPI90 500KG TOTE,1339,FL24123A4-003,595403
871830,5/20/24,WPI,1005206,IWPI90 500KG TOTE,1321,FL24123A4-004,595403
871830,5/20/24,WPI,1005206,IWPI90 500KG TOTE,1317,FL24123A4-005,595403
871830,5/20/24,WPI,1005206,IWPI90 500KG TOTE,1325,FL24123A4-006,595403
871830,5/20/24,WPI,1005206,IWPI90 500KG TOTE,1335,FL24123A4-007,595403
871830,5/20/24,WPI,1005206,IWPI90 500KG TOTE,1310,FL24124A2-001,595403
871830,5/20/24,WPI,1005206,IWPI90 500KG TOTE,1325,FL24124A2-002,595403
871830,5/20/24,WPI,1005206,IWPI90 500KG TOTE,1318,FL24124A2-003,595403
871830,5/20/24,WPI,1005206,IWPI90 500KG TOTE,1331,FL24124A2-004,595403
871830,5/20/24,WPI,1005206,IWPI90 500KG TOTE,1317,FL24124A2-005,595403
871830,5/20/24,WPI,1005206,IWPI90 500KG TOTE,1313,FL24124A2-006,595403
871830,5/20/24,WPI,1005206,IWPI90 500KG TOTE,1336,FL24124A2-007,595403
871830,5/20/24,WPI,1005206,IWPI90 500KG TOTE,1343,FL24124A2-008,595403
871830,5/20/24,WPI,1005206,IWPI90 500KG TOTE,1415,FL24127A2-007,595403
871830,5/20/24,WPI,1005206,IWPI90 500KG TOTE,1373,FL24127A2-009,595403
871830,5/20/24,WPI,1005206,IWPI90 500KG TOTE,1371,FL24128A2-001,595403
871830,5/20/24,WPI,1005206,IWPI90 500KG TOTE,1395,FL24128A2-002,595403
871830,5/20/24,WPI,1005206,IWPI90 500KG TOTE,1322,FL24128A2-004,595403
871830,5/20/24,WPI,1005206,IWPI90 500KG TOTE,1328,FL24128A2-005,595403
871830,5/20/24,WPI,1005206,IWPI90 500KG TOTE,1324,FL24128A2-006,595403
871830,5/20/24,WPI,1005206,IWPI90 500KG TOTE,1340,FL24128A2-007,595403
871830,5/20/24,WPI,1005206,IWPI90 500KG TOTE,1361,FL24128A2-008,595403
871830,5/20/24,WPI,1005206,IWPI90 500KG TOTE,1334,FL24128A2-009,595403
871830,5/20/24,WPI,1005206,IWPI90 500KG TOTE,1503,FL24128A2-010,595403
890762,5/22/24,WPI,1005206,IWPI90 500KG TOTE,1293,FL24128A2-011,595719
890762,5/22/24,WPI,1005206,IWPI90 500KG TOTE,1336,FL24128A2-012,595719
890762,5/22/24,WPI,1005206,IWPI90 500KG TOTE,1385,FL24136A2-001,595719
890762,5/22/24,WPI,1005206,IWPI90 500KG TOTE,1380,FL24136A2-002,595719
890762,5/22/24,WPI,1005206,IWPI90 500KG TOTE,1385,FL24136A2-003,595719
890762,5/22/24,WPI,1005206,IWPI90 500KG TOTE,1401,FL24136A2-004,595719
890762,5/22/24,WPI,1005206,IWPI90 500KG TOTE,1399,FL24136A2-005,595719
890762,5/22/24,WPI,1005206,IWPI90 500KG TOTE,1408,FL24136A2-006,595719
890762,5/22/24,WPI,1005206,IWPI90 500KG TOTE,1357,FL24136A2-007,595719
890762,5/22/24,WPI,1005206,IWPI90 500KG TOTE,1400,FL24136A2-008,595719
890762,5/22/24,WPI,1005206,IWPI90 500KG TOTE,1418,FL24136A2-009,595719
890762,5/22/24,WPI,1005206,IWPI90 500KG TOTE,1409,FL24136A2-010,595719
890762,5/22/24,WPI,1005206,IWPI90 500KG TOTE,1384,FL24136A2-011,595719
890762,5/22/24,WPI,1005206,IWPI90 500KG TOTE,1384,FL24136A2-012,595719
890762,5/22/24,WPI,1005206,IWPI90 500KG TOTE,1394,FL24136A2-013,595719
890762,5/22/24,WPI,1005206,IWPI90 500KG TOTE,1374,FL24136A2-014,595719
890762,5/22/24,WPI,1005206,IWPI90 500KG TOTE,1375,FL24136A2-015,595719
890762,5/22/24,WPI,1005206,IWPI90 500KG TOTE,1389,FL24136A2-016,595719
876610,5/17/24,WPI,104342-CS001,IWPI90 LACTOSE FREE,1763.68,FL24116A1-049,595168
876610,5/17/24,WPI,104342-CS001,IWPI90 LACTOSE FREE,1763.68,FL24116A1-050,595168
876610,5/17/24,WPI,104342-CS001,IWPI90 LACTOSE FREE,1763.68,FL24116A1-051,595168
876610,5/17/24,WPI,104342-CS001,IWPI90 LACTOSE FREE,1763.68,FL24116A1-052,595168
876610,5/17/24,WPI,104342-CS001,IWPI90 LACTOSE FREE,1763.68,FL24116A1-053,595168
876610,5/17/24,WPI,104342-CS001,IWPI90 LACTOSE FREE,1763.68,FL24116A1-054,595168
876610,5/17/24,WPI,104342-CS001,IWPI90 LACTOSE FREE,1763.68,FL24116A1-055,595168
876610,5/17/24,WPI,104342-CS001,IWPI90 LACTOSE FREE,1763.68,FL24116A1-056,595168
876610,5/17/24,WPI,104342-CS001,IWPI90 LACTOSE FREE,1763.68,FL24116A1-057,595168
876610,5/17/24,WPI,104342-CS001,IWPI90 LACTOSE FREE,1763.68,FL24116A1-058,595168
876610,5/17/24,WPI,104342-CS001,IWPI90 LACTOSE FREE,1763.68,FL24116A1-059,595168
876610,5/17/24,WPI,104342-CS001,IWPI90 LACTOSE FREE,1763.68,FL24116A1-060,595168
876610,5/17/24,WPI,104342-CS001,IWPI90 LACTOSE FREE,1763.68,FL24116A1-061,595168
876610,5/17/24,WPI,104342-CS001,IWPI90 LACTOSE FREE,1014.116,FL24116A1-062,595168
892644,5/22/24,WPI,104342-CS001,IWPI90 LACTOSE FREE,1763.68,FL24130A1-001,595696
892644,5/22/24,WPI,104342-CS001,IWPI90 LACTOSE FREE,1763.68,FL24130A1-002,595696
876610,5/17/24,WPI,104342-CS001,IWPI90 LACTOSE FREE,1763.68,FL24130A1-003,595168
876610,5/17/24,WPI,104342-CS001,IWPI90 LACTOSE FREE,1763.68,FL24130A1-004,595168
876610,5/17/24,WPI,104342-CS001,IWPI90 LACTOSE FREE,1763.68,FL24130A1-005,595168
876610,5/17/24,WPI,104342-CS001,IWPI90 LACTOSE FREE,1763.68,FL24130A1-006,595168
876610,5/17/24,WPI,104342-CS001,IWPI90 LACTOSE FREE,1763.68,FL24130A1-007,595168
876610,5/17/24,WPI,104342-CS001,IWPI90 LACTOSE FREE,1763.68,FL24130A1-008,595168
876610,5/17/24,WPI,104342-CS001,IWPI90 LACTOSE FREE,1763.68,FL24130A1-009,595168
876610,5/17/24,WPI,104342-CS001,IWPI90 LACTOSE FREE,1763.68,FL24130A1-010,595168
876610,5/17/24,WPI,104342-CS001,IWPI90 LACTOSE FREE,1763.68,FL24130A1-011,595168
876610,5/17/24,WPI,104342-CS001,IWPI90 LACTOSE FREE,1763.68,FL24130A1-012,595168
876611,5/17/24,WPI,104342-CS001,IWPI90 LACTOSE FREE,1763.68,FL24130A1-013,595169
876611,5/17/24,WPI,104342-CS001,IWPI90 LACTOSE FREE,1763.68,FL24130A1-014,595169
876611,5/17/24,WPI,104342-CS001,IWPI90 LACTOSE FREE,1763.68,FL24130A1-015,595169
876611,5/17/24,WPI,104342-CS001,IWPI90 LACTOSE FREE,1763.68,FL24130A1-016,595169
876611,5/17/24,WPI,104342-CS001,IWPI90 LACTOSE FREE,1763.68,FL24130A1-017,595169
876611,5/17/24,WPI,104342-CS001,IWPI90 LACTOSE FREE,1763.68,FL24130A1-018,595169
876611,5/17/24,WPI,104342-CS001,IWPI90 LACTOSE FREE,1763.68,FL24130A1-019,595169
876611,5/17/24,WPI,104342-CS001,IWPI90 LACTOSE FREE,1763.68,FL24130A1-020,595169
876611,5/17/24,WPI,104342-CS001,IWPI90 LACTOSE FREE,1763.68,FL24130A1-021,595169
876611,5/17/24,WPI,104342-CS001,IWPI90 LACTOSE FREE,1763.68,FL24130A1-022,595169
876611,5/17/24,WPI,104342-CS001,IWPI90 LACTOSE FREE,1763.68,FL24130A1-023,595169
876611,5/17/24,WPI,104342-CS001,IWPI90 LACTOSE FREE,1763.68,FL24130A1-024,595169
876611,5/17/24,WPI,104342-CS001,IWPI90 LACTOSE FREE,1763.68,FL24130A1-025,595169
876611,5/17/24,WPI,104342-CS001,IWPI90 LACTOSE FREE,1763.68,FL24130A1-026,595169
876611,5/17/24,WPI,104342-CS001,IWPI90 LACTOSE FREE,1763.68,FL24130A1-027,595169
876611,5/17/24,WPI,104342-CS001,IWPI90 LACTOSE FREE,1763.68,FL24130A1-028,595169
876611,5/17/24,WPI,104342-CS001,IWPI90 LACTOSE FREE,1763.68,FL24130A1-029,595169
876611,5/17/24,WPI,104342-CS001,IWPI90 LACTOSE FREE,1763.68,FL24130A1-030,595169
876611,5/17/24,WPI,104342-CS001,IWPI90 LACTOSE FREE,1763.68,FL24130A1-031,595169
876611,5/17/24,WPI,104342-CS001,IWPI90 LACTOSE FREE,1763.68,FL24130A1-032,595169
876611,5/17/24,WPI,104342-CS001,IWPI90 LACTOSE FREE,1763.68,FL24130A1-033,595169
876611,5/17/24,WPI,104342-CS001,IWPI90 LACTOSE FREE,1763.68,FL24130A1-034,595169
876611,5/17/24,WPI,104342-CS001,IWPI90 LACTOSE FREE,1763.68,FL24130A1-035,595169
876611,5/17/24,WPI,104342-CS001,IWPI90 LACTOSE FREE,1763.68,FL24130A1-036,595169
876612,5/17/24,WPI,104342-CS001,IWPI90 LACTOSE FREE,1763.68,FL24130A1-037,595167
876612,5/17/24,WPI,104342-CS001,IWPI90 LACTOSE FREE,1763.68,FL24130A1-038,595167
876612,5/17/24,WPI,104342-CS001,IWPI90 LACTOSE FREE,1763.68,FL24130A1-039,595167
876612,5/17/24,WPI,104342-CS001,IWPI90 LACTOSE FREE,1763.68,FL24130A1-040,595167
876612,5/17/24,WPI,104342-CS001,IWPI90 LACTOSE FREE,1763.68,FL24130A1-041,595167
876612,5/17/24,WPI,104342-CS001,IWPI90 LACTOSE FREE,1763.68,FL24130A1-042,595167
876612,5/17/24,WPI,104342-CS001,IWPI90 LACTOSE FREE,1763.68,FL24130A1-043,595167
876612,5/17/24,WPI,104342-CS001,IWPI90 LACTOSE FREE,1763.68,FL24130A1-044,595167
876612,5/17/24,WPI,104342-CS001,IWPI90 LACTOSE FREE,1763.68,FL24130A1-045,595167
876612,5/17/24,WPI,104342-CS001,IWPI90 LACTOSE FREE,1763.68,FL24130A1-046,595167
876612,5/17/24,WPI,104342-CS001,IWPI90 LACTOSE FREE,1763.68,FL24130A1-047,595167
876612,5/17/24,WPI,104342-CS001,IWPI90 LACTOSE FREE,1763.68,FL24130A1-048,595167
876612,5/17/24,WPI,104342-CS001,IWPI90 LACTOSE FREE,1763.68,FL24130A1-049,595167
876612,5/17/24,WPI,104342-CS001,IWPI90 LACTOSE FREE,1763.68,FL24130A1-050,595167
876612,5/17/24,WPI,104342-CS001,IWPI90 LACTOSE FREE,1763.68,FL24130A1-051,595167
876612,5/17/24,WPI,104342-CS001,IWPI90 LACTOSE FREE,1763.68,FL24130A1-052,595167
876612,5/17/24,WPI,104342-CS001,IWPI90 LACTOSE FREE,1763.68,FL24130A1-053,595167
876612,5/17/24,WPI,104342-CS001,IWPI90 LACTOSE FREE,1763.68,FL24130A1-054,595167
876612,5/17/24,WPI,104342-CS001,IWPI90 LACTOSE FREE,1763.68,FL24130A1-055,595167
876612,5/17/24,WPI,104342-CS001,IWPI90 LACTOSE FREE,1763.68,FL24130A1-056,595167
876612,5/17/24,WPI,104342-CS001,IWPI90 LACTOSE FREE,1763.68,FL24130A1-057,595167
876612,5/17/24,WPI,104342-CS001,IWPI90 LACTOSE FREE,1763.68,FL24130A1-058,595167
876612,5/17/24,WPI,104342-CS001,IWPI90 LACTOSE FREE,1763.68,FL24130A1-059,595167
876612,5/17/24,WPI,104342-CS001,IWPI90 LACTOSE FREE,1763.68,FL24130A1-060,595167
892644,5/22/24,WPI,104342-CS001,IWPI90 LACTOSE FREE,1763.68,FL24130A1-061,595696
892644,5/22/24,WPI,104342-CS001,IWPI90 LACTOSE FREE,1763.68,FL24130A1-062,595696
892644,5/22/24,WPI,104342-CS001,IWPI90 LACTOSE FREE,1763.68,FL24130A1-063,595696
892644,5/22/24,WPI,104342-CS001,IWPI90 LACTOSE FREE,1763.68,FL24130A1-064,595696
892644,5/22/24,WPI,104342-CS001,IWPI90 LACTOSE FREE,1763.68,FL24130A1-065,595696
892644,5/22/24,WPI,104342-CS001,IWPI90 LACTOSE FREE,1763.68,FL24130A1-066,595696
892644,5/22/24,WPI,104342-CS001,IWPI90 LACTOSE FREE,1763.68,FL24130A1-067,595696
892644,5/22/24,WPI,104342-CS001,IWPI90 LACTOSE FREE,1763.68,FL24130A1-068,595696
892644,5/22/24,WPI,104342-CS001,IWPI90 LACTOSE FREE,1763.68,FL24130A1-069,595696
876610,5/17/24,WPI,104342-CS001,IWPI90 LACTOSE FREE,749.564,FL24130A1-070,595168
891584,5/22/24,WPI,104342-CS001,IWPI90 LACTOSE FREE,44.092,FL24130A1-070,595686
892644,5/22/24,WPI,104342-CS001,IWPI90 LACTOSE FREE,176.368,FL24130A1-070,595696
891509,5/16/24,WPI,1005042-CS001,IWPI90 LOW LAC SH RBGH FREE NGMO,1763.68,FL24119A1-004,595071
891509,5/16/24,WPI,1005042-CS001,IWPI90 LOW LAC SH RBGH FREE NGMO,1763.68,FL24119A1-005,595071
891509,5/16/24,WPI,1005042-CS001,IWPI90 LOW LAC SH RBGH FREE NGMO,1763.68,FL24119A1-006,595071
891853,5/20/24,WPI,1005042-CS001,IWPI90 LOW LAC SH RBGH FREE NGMO,1763.68,FL24119A1-007,595352
891853,5/20/24,WPI,1005042-CS001,IWPI90 LOW LAC SH RBGH FREE NGMO,1763.68,FL24119A1-008,595352
891853,5/20/24,WPI,1005042-CS001,IWPI90 LOW LAC SH RBGH FREE NGMO,1763.68,FL24119A1-009,595352
891853,5/20/24,WPI,1005042-CS001,IWPI90 LOW LAC SH RBGH FREE NGMO,1763.68,FL24119A1-010,595352
891853,5/20/24,WPI,1005042-CS001,IWPI90 LOW LAC SH RBGH FREE NGMO,1763.68,FL24119A1-011,595352
891853,5/20/24,WPI,1005042-CS001,IWPI90 LOW LAC SH RBGH FREE NGMO,1763.68,FL24119A1-012,595352
891853,5/20/24,WPI,1005042-CS001,IWPI90 LOW LAC SH RBGH FREE NGMO,1763.68,FL24119A1-013,595352
891853,5/20/24,WPI,1005042-CS001,IWPI90 LOW LAC SH RBGH FREE NGMO,1763.68,FL24119A1-014,595352
891853,5/20/24,WPI,1005042-CS001,IWPI90 LOW LAC SH RBGH FREE NGMO,1763.68,FL24119A1-015,595352
881187,5/20/24,WPI,1005042-CS001,IWPI90 LOW LAC SH RBGH FREE NGMO,1763.68,FL24119A1-022,595346
881187,5/20/24,WPI,1005042-CS001,IWPI90 LOW LAC SH RBGH FREE NGMO,1763.68,FL24119A1-023,595346
881187,5/20/24,WPI,1005042-CS001,IWPI90 LOW LAC SH RBGH FREE NGMO,1763.68,FL24119A1-024,595346
881187,5/20/24,WPI,1005042-CS001,IWPI90 LOW LAC SH RBGH FREE NGMO,1763.68,FL24119A1-025,595346
881187,5/20/24,WPI,1005042-CS001,IWPI90 LOW LAC SH RBGH FREE NGMO,1763.68,FL24119A1-026,595346
881187,5/20/24,WPI,1005042-CS001,IWPI90 LOW LAC SH RBGH FREE NGMO,1763.68,FL24119A1-027,595346
881187,5/20/24,WPI,1005042-CS001,IWPI90 LOW LAC SH RBGH FREE NGMO,1763.68,FL24119A1-028,595346
881187,5/20/24,WPI,1005042-CS001,IWPI90 LOW LAC SH RBGH FREE NGMO,1763.68,FL24119A1-029,595346
881187,5/20/24,WPI,1005042-CS001,IWPI90 LOW LAC SH RBGH FREE NGMO,1763.68,FL24119A1-030,595346
881187,5/20/24,WPI,1005042-CS001,IWPI90 LOW LAC SH RBGH FREE NGMO,1763.68,FL24119A1-031,595346
881187,5/20/24,WPI,1005042-CS001,IWPI90 LOW LAC SH RBGH FREE NGMO,1763.68,FL24119A1-032,595346
881187,5/20/24,WPI,1005042-CS001,IWPI90 LOW LAC SH RBGH FREE NGMO,1763.68,FL24119A1-033,595346
881187,5/20/24,WPI,1005042-CS001,IWPI90 LOW LAC SH RBGH FREE NGMO,1763.68,FL24119A1-034,595346
881187,5/20/24,WPI,1005042-CS001,IWPI90 LOW LAC SH RBGH FREE NGMO,1763.68,FL24119A1-035,595346
881187,5/20/24,WPI,1005042-CS001,IWPI90 LOW LAC SH RBGH FREE NGMO,1763.68,FL24119A1-036,595346
881187,5/20/24,WPI,1005042-CS001,IWPI90 LOW LAC SH RBGH FREE NGMO,1763.68,FL24119A1-037,595346
881187,5/20/24,WPI,1005042-CS001,IWPI90 LOW LAC SH RBGH FREE NGMO,1763.68,FL24119A1-038,595346
881187,5/20/24,WPI,1005042-CS001,IWPI90 LOW LAC SH RBGH FREE NGMO,1763.68,FL24119A1-039,595346
881187,5/20/24,WPI,1005042-CS001,IWPI90 LOW LAC SH RBGH FREE NGMO,1763.68,FL24119A1-040,595346
881187,5/20/24,WPI,1005042-CS001,IWPI90 LOW LAC SH RBGH FREE NGMO,1763.68,FL24119A1-041,595346
881187,5/20/24,WPI,1005042-CS001,IWPI90 LOW LAC SH RBGH FREE NGMO,1763.68,FL24119A1-042,595346
881187,5/20/24,WPI,1005042-CS001,IWPI90 LOW LAC SH RBGH FREE NGMO,1763.68,FL24119A1-043,595346
881187,5/20/24,WPI,1005042-CS001,IWPI90 LOW LAC SH RBGH FREE NGMO,1763.68,FL24119A1-044,595346
881187,5/20/24,WPI,1005042-CS001,IWPI90 LOW LAC SH RBGH FREE NGMO,1763.68,FL24119A1-045,595346
891900,5/16/24,WPI,1005042-CS001,IWPI90 LOW LAC SH RBGH FREE NGMO,2204.6,FL24126A1-001,595078
891900,5/16/24,WPI,1005042-CS001,IWPI90 LOW LAC SH RBGH FREE NGMO,2204.6,FL24126A1-002,595078
891900,5/16/24,WPI,1005042-CS001,IWPI90 LOW LAC SH RBGH FREE NGMO,2204.6,FL24126A1-003,595078
891900,5/16/24,WPI,1005042-CS001,IWPI90 LOW LAC SH RBGH FREE NGMO,2204.6,FL24126A1-004,595078
891900,5/16/24,WPI,1005042-CS001,IWPI90 LOW LAC SH RBGH FREE NGMO,2204.6,FL24126A1-005,595078
891900,5/16/24,WPI,1005042-CS001,IWPI90 LOW LAC SH RBGH FREE NGMO,2204.6,FL24126A1-006,595078
891900,5/16/24,WPI,1005042-CS001,IWPI90 LOW LAC SH RBGH FREE NGMO,2204.6,FL24126A1-007,595078
891900,5/16/24,WPI,1005042-CS001,IWPI90 LOW LAC SH RBGH FREE NGMO,2204.6,FL24126A1-008,595078
891900,5/16/24,WPI,1005042-CS001,IWPI90 LOW LAC SH RBGH FREE NGMO,2204.6,FL24126A1-009,595078
891900,5/16/24,WPI,1005042-CS001,IWPI90 LOW LAC SH RBGH FREE NGMO,2204.6,FL24126A1-010,595078
891900,5/16/24,WPI,1005042-CS001,IWPI90 LOW LAC SH RBGH FREE NGMO,2204.6,FL24126A1-011,595078
891900,5/16/24,WPI,1005042-CS001,IWPI90 LOW LAC SH RBGH FREE NGMO,2204.6,FL24126A1-012,595078
891900,5/16/24,WPI,1005042-CS001,IWPI90 LOW LAC SH RBGH FREE NGMO,2204.6,FL24126A1-013,595078
891900,5/16/24,WPI,1005042-CS001,IWPI90 LOW LAC SH RBGH FREE NGMO,2204.6,FL24126A1-014,595078
891900,5/16/24,WPI,1005042-CS001,IWPI90 LOW LAC SH RBGH FREE NGMO,2204.6,FL24126A1-015,595078
891900,5/16/24,WPI,1005042-CS001,IWPI90 LOW LAC SH RBGH FREE NGMO,2204.6,FL24126A1-016,595078
891900,5/16/24,WPI,1005042-CS001,IWPI90 LOW LAC SH RBGH FREE NGMO,2160.508,FL24126A1-017,595078
891900,5/16/24,WPI,1005042-CS001,IWPI90 LOW LAC SH RBGH FREE NGMO,2204.6,FL24126A1-018,595078
891900,5/16/24,WPI,1005042-CS001,IWPI90 LOW LAC SH RBGH FREE NGMO,2204.6,FL24126A1-019,595078
891760,5/22/24,WPI,103567,IWPI90 NON-GMO,42328.32,ML494129A,595693
890330,5/22/24,WPI,103567,IWPI90 NON-GMO,1763.68,MS6524121-001,595694
890330,5/22/24,WPI,103567,IWPI90 NON-GMO,1763.68,MS6524121-002,595694
890330,5/22/24,WPI,103567,IWPI90 NON-GMO,1763.68,MS6524121-003,595694
890330,5/22/24,WPI,103567,IWPI90 NON-GMO,1763.68,MS6524121-004,595694
890330,5/22/24,WPI,103567,IWPI90 NON-GMO,1763.68,MS6524121-005,595694
890330,5/22/24,WPI,103567,IWPI90 NON-GMO,1763.68,MS6524121-006,595694
890330,5/22/24,WPI,103567,IWPI90 NON-GMO,1763.68,MS6524121-007,595694
890330,5/22/24,WPI,103567,IWPI90 NON-GMO,1763.68,MS6524121-008,595694
890330,5/22/24,WPI,103567,IWPI90 NON-GMO,1763.68,MS6524121-009,595694
890330,5/22/24,WPI,103567,IWPI90 NON-GMO,1763.68,MS6524121-010,595694
890330,5/22/24,WPI,103567,IWPI90 NON-GMO,1763.68,MS6524121-011,595694
890330,5/22/24,WPI,103567,IWPI90 NON-GMO,1763.68,MS6524121-012,595694
890330,5/22/24,WPI,103567,IWPI90 NON-GMO,1763.68,MS6524121-013,595694
890330,5/22/24,WPI,103567,IWPI90 NON-GMO,1763.68,MS6524121-014,595694
890330,5/22/24,WPI,103567,IWPI90 NON-GMO,1763.68,MS6524121-015,595694
890330,5/22/24,WPI,103567,IWPI90 NON-GMO,1763.68,MS6524121-016,595694
890330,5/22/24,WPI,103567,IWPI90 NON-GMO,1763.68,MS6524121-017,595694
890330,5/22/24,WPI,103567,IWPI90 NON-GMO,1763.68,MS6524121-018,595694
890330,5/22/24,WPI,103567,IWPI90 NON-GMO,1763.68,MS6524121-019,595694
890330,5/22/24,WPI,103567,IWPI90 NON-GMO,1763.68,MS6524121-020,595694
890330,5/22/24,WPI,103567,IWPI90 NON-GMO,1763.68,MS6524121-021,595694
890330,5/22/24,WPI,103567,IWPI90 NON-GMO,1763.68,MS6524121-022,595694
890330,5/22/24,WPI,103567,IWPI90 NON-GMO,749.564,MS6524121-023,595694
873090,5/16/24,WPI,104384,IWPI90 RBGH FREE NON-GMO (GRASS FED),1763.68,FL24129A1-001,595079
873090,5/16/24,WPI,104384,IWPI90 RBGH FREE NON-GMO (GRASS FED),1763.68,FL24129A1-002,595079
873090,5/16/24,WPI,104384,IWPI90 RBGH FREE NON-GMO (GRASS FED),1763.68,FL24129A1-003,595079
873090,5/16/24,WPI,104384,IWPI90 RBGH FREE NON-GMO (GRASS FED),1763.68,FL24129A1-004,595079
873090,5/16/24,WPI,104384,IWPI90 RBGH FREE NON-GMO (GRASS FED),1763.68,FL24129A1-005,595079
873090,5/16/24,WPI,104384,IWPI90 RBGH FREE NON-GMO (GRASS FED),1763.68,FL24129A1-006,595079
873090,5/16/24,WPI,104384,IWPI90 RBGH FREE NON-GMO (GRASS FED),1763.68,FL24129A1-007,595079
873090,5/16/24,WPI,104384,IWPI90 RBGH FREE NON-GMO (GRASS FED),1763.68,FL24129A1-008,595079
873090,5/16/24,WPI,104384,IWPI90 RBGH FREE NON-GMO (GRASS FED),1763.68,FL24129A1-009,595079
873090,5/16/24,WPI,104384,IWPI90 RBGH FREE NON-GMO (GRASS FED),1763.68,FL24129A1-010,595079
873090,5/16/24,WPI,104384,IWPI90 RBGH FREE NON-GMO (GRASS FED),1763.68,FL24129A1-011,595079
873090,5/16/24,WPI,104384,IWPI90 RBGH FREE NON-GMO (GRASS FED),1763.68,FL24129A1-012,595079
873090,5/16/24,WPI,104384,IWPI90 RBGH FREE NON-GMO (GRASS FED),1763.68,FL24129A1-013,595079
873090,5/16/24,WPI,104384,IWPI90 RBGH FREE NON-GMO (GRASS FED),1763.68,FL24129A1-014,595079
873090,5/16/24,WPI,104384,IWPI90 RBGH FREE NON-GMO (GRASS FED),1763.68,FL24129A1-015,595079
873090,5/16/24,WPI,104384,IWPI90 RBGH FREE NON-GMO (GRASS FED),1763.68,FL24129A1-016,595079
873090,5/16/24,WPI,104384,IWPI90 RBGH FREE NON-GMO (GRASS FED),1763.68,FL24129A1-017,595079
873090,5/16/24,WPI,104384,IWPI90 RBGH FREE NON-GMO (GRASS FED),1763.68,FL24129A1-018,595079
873090,5/16/24,WPI,104384,IWPI90 RBGH FREE NON-GMO (GRASS FED),1763.68,FL24129A1-019,595079
873090,5/16/24,WPI,104384,IWPI90 RBGH FREE NON-GMO (GRASS FED),1763.68,FL24129A1-020,595079
873090,5/16/24,WPI,104384,IWPI90 RBGH FREE NON-GMO (GRASS FED),1763.68,FL24129A1-021,595079
873090,5/16/24,WPI,104384,IWPI90 RBGH FREE NON-GMO (GRASS FED),1763.68,FL24129A1-022,595079
873090,5/16/24,WPI,104384,IWPI90 RBGH FREE NON-GMO (GRASS FED),1763.68,FL24129A1-023,595079
873090,5/16/24,WPI,104384,IWPI90 RBGH FREE NON-GMO (GRASS FED),1763.68,FL24129A1-024,595079
860511,5/17/24,WPI,104384,IWPI90 RBGH FREE NON-GMO (GRASS FED),1763.68,FL24129A1-025,595185
860511,5/17/24,WPI,104384,IWPI90 RBGH FREE NON-GMO (GRASS FED),1763.68,FL24129A1-026,595185
860511,5/17/24,WPI,104384,IWPI90 RBGH FREE NON-GMO (GRASS FED),1763.68,FL24129A1-027,595185
860511,5/17/24,WPI,104384,IWPI90 RBGH FREE NON-GMO (GRASS FED),1763.68,FL24129A1-028,595185
860511,5/17/24,WPI,104384,IWPI90 RBGH FREE NON-GMO (GRASS FED),1763.68,FL24129A1-029,595185
860511,5/17/24,WPI,104384,IWPI90 RBGH FREE NON-GMO (GRASS FED),1763.68,FL24129A1-030,595185
860511,5/17/24,WPI,104384,IWPI90 RBGH FREE NON-GMO (GRASS FED),1763.68,FL24129A1-031,595185
860511,5/17/24,WPI,104384,IWPI90 RBGH FREE NON-GMO (GRASS FED),1763.68,FL24129A1-032,595185
860511,5/17/24,WPI,104384,IWPI90 RBGH FREE NON-GMO (GRASS FED),1763.68,FL24129A1-033,595185
860511,5/17/24,WPI,104384,IWPI90 RBGH FREE NON-GMO (GRASS FED),1763.68,FL24129A1-034,595185
860511,5/17/24,WPI,104384,IWPI90 RBGH FREE NON-GMO (GRASS FED),1763.68,FL24129A1-035,595185
860511,5/17/24,WPI,104384,IWPI90 RBGH FREE NON-GMO (GRASS FED),1763.68,FL24129A1-036,595185
860511,5/17/24,WPI,104384,IWPI90 RBGH FREE NON-GMO (GRASS FED),1763.68,FL24129A1-037,595185
860511,5/17/24,WPI,104384,IWPI90 RBGH FREE NON-GMO (GRASS FED),1763.68,FL24129A1-038,595185
860511,5/17/24,WPI,104384,IWPI90 RBGH FREE NON-GMO (GRASS FED),1763.68,FL24129A1-039,595185
860511,5/17/24,WPI,104384,IWPI90 RBGH FREE NON-GMO (GRASS FED),1763.68,FL24129A1-040,595185
860511,5/17/24,WPI,104384,IWPI90 RBGH FREE NON-GMO (GRASS FED),1763.68,FL24129A1-041,595185
860511,5/17/24,WPI,104384,IWPI90 RBGH FREE NON-GMO (GRASS FED),1763.68,FL24129A1-042,595185
860511,5/17/24,WPI,104384,IWPI90 RBGH FREE NON-GMO (GRASS FED),1763.68,FL24129A1-043,595185
860511,5/17/24,WPI,104384,IWPI90 RBGH FREE NON-GMO (GRASS FED),1058.208,FL24129A1-044,595185
890346,5/17/24,MPC 70,100399,MPC70,1763.68,MS494100A-001,595166
890346,5/17/24,MPC 70,100399,MPC70,1763.68,MS494100A-002,595166
890346,5/17/24,MPC 70,100399,MPC70,1763.68,MS494100A-003,595166
890346,5/17/24,MPC 70,100399,MPC70,1763.68,MS494100A-004,595166
890346,5/17/24,MPC 70,100399,MPC70,1763.68,MS494100A-005,595166
890346,5/17/24,MPC 70,100399,MPC70,1763.68,MS494100A-006,595166
890346,5/17/24,MPC 70,100399,MPC70,1763.68,MS494100A-007,595166
890346,5/17/24,MPC 70,100399,MPC70,1763.68,MS494100A-008,595166
890346,5/17/24,MPC 70,100399,MPC70,1763.68,MS494100A-009,595166
890346,5/17/24,MPC 70,100399,MPC70,1763.68,MS494100A-010,595166
890346,5/17/24,MPC 70,100399,MPC70,1763.68,MS494100A-011,595166
890346,5/17/24,MPC 70,100399,MPC70,1763.68,MS494100A-012,595166
890346,5/17/24,MPC 70,100399,MPC70,1763.68,MS494100A-013,595166
890346,5/17/24,MPC 70,100399,MPC70,1763.68,MS494100A-014,595166
890346,5/17/24,MPC 70,100399,MPC70,1763.68,MS494100A-015,595166
890346,5/17/24,MPC 70,100399,MPC70,1763.68,MS494100A-016,595166
890346,5/17/24,MPC 70,100399,MPC70,1763.68,MS494100A-017,595166
890346,5/17/24,MPC 70,100399,MPC70,1763.68,MS494100A-018,595166
890346,5/17/24,MPC 70,100399,MPC70,1763.68,MS494100A-019,595166
890346,5/17/24,MPC 70,100399,MPC70,1763.68,MS494100A-020,595166
890346,5/17/24,MPC 70,100399,MPC70,352.736,MS494100A-021,595166
890346,5/17/24,MPC 70,100399,MPC70,1763.68,MS494100B-022,595166
890346,5/17/24,MPC 70,100399,MPC70,1763.68,MS494100B-023,595166
890346,5/17/24,MPC 70,100399,MPC70,1763.68,MS494100B-024,595166
890346,5/17/24,MPC 70,100399,MPC70,970.024,MS494100B-025,595166
892468,5/21/24,MPI & Micell,1005099-CS001,MPI 90 REDUCED CALCIUM,1146.392,VS23235UC1-024,595470
890519,5/20/24,Alpha,1004879,NUTRIPRO 30% ALPHA-LACTALBUMIN NK,44.092,MS8324038-001,595344
890521,5/22/24,Alpha,1004879,NUTRIPRO 30% ALPHA-LACTALBUMIN NK,440.92,MS8324038-001,595691
890521,5/22/24,Alpha,1004879,NUTRIPRO 30% ALPHA-LACTALBUMIN NK,1763.68,MS8324038-007,595691
888799,5/16/24,Alpha,1004879,NUTRIPRO 30% ALPHA-LACTALBUMIN NK,44.092,MS8324038-008,595029
874957,5/16/24,Alpha,104589,NUTRIPRO LACTOFERRIN 45% WPI 90 NK,2204.6,WT24108MS,595028
883820,5/21/24,Whey Powder,1005061,WHEY POWDER 25KG,2480.175,FL24119C2-057,595537
883820,5/21/24,Whey Powder,1005061,WHEY POWDER 25KG,2480.175,FL24119C2-058,595537
883820,5/21/24,Whey Powder,1005061,WHEY POWDER 25KG,2480.175,FL24119C2-059,595537
883820,5/21/24,Whey Powder,1005061,WHEY POWDER 25KG,2480.175,FL24119C2-060,595537
885013,5/17/24,Whey Powder,1005061,WHEY POWDER 25KG,2480.175,FL24119C2-061,595165
885013,5/17/24,Whey Powder,1005061,WHEY POWDER 25KG,2480.175,FL24119C2-062,595165
885013,5/17/24,Whey Powder,1005061,WHEY POWDER 25KG,2480.175,FL24119C2-063,595165
885013,5/17/24,Whey Powder,1005061,WHEY POWDER 25KG,2480.175,FL24119C2-064,595165
885013,5/17/24,Whey Powder,1005061,WHEY POWDER 25KG,2480.175,FL24119C2-065,595165
885013,5/17/24,Whey Powder,1005061,WHEY POWDER 25KG,2480.175,FL24126C2-001,595165
885013,5/17/24,Whey Powder,1005061,WHEY POWDER 25KG,2480.175,FL24126C2-002,595165
885013,5/17/24,Whey Powder,1005061,WHEY POWDER 25KG,2480.175,FL24126C2-003,595165
885013,5/17/24,Whey Powder,1005061,WHEY POWDER 25KG,2480.175,FL24126C2-004,595165
885013,5/17/24,Whey Powder,1005061,WHEY POWDER 25KG,2480.175,FL24126C2-005,595165
885013,5/17/24,Whey Powder,1005061,WHEY POWDER 25KG,2480.175,FL24126C2-006,595165
885013,5/17/24,Whey Powder,1005061,WHEY POWDER 25KG,2480.175,FL24126C2-007,595165
885013,5/17/24,Whey Powder,1005061,WHEY POWDER 25KG,2480.175,FL24126C2-008,595165
885013,5/17/24,Whey Powder,1005061,WHEY POWDER 25KG,2480.175,FL24126C2-009,595165
885013,5/17/24,Whey Powder,1005061,WHEY POWDER 25KG,2480.175,FL24126C2-011,595165
885013,5/17/24,Whey Powder,1005061,WHEY POWDER 25KG,2480.175,FL24126C2-013,595165
885013,5/17/24,Whey Powder,1005061,WHEY POWDER 25KG,2480.175,FL24126C2-014,595165
891975,5/20/24,Whey Powder,1005061,WHEY POWDER 25KG,2480.175,FL24126C2-015,595348
891975,5/20/24,Whey Powder,1005061,WHEY POWDER 25KG,2480.175,FL24126C2-016,595348
891975,5/20/24,Whey Powder,1005061,WHEY POWDER 25KG,2480.175,FL24126C2-018,595348
891975,5/20/24,Whey Powder,1005061,WHEY POWDER 25KG,2480.175,FL24126C2-019,595348
891975,5/20/24,Whey Powder,1005061,WHEY POWDER 25KG,2480.175,FL24126C2-020,595348
891975,5/20/24,Whey Powder,1005061,WHEY POWDER 25KG,2480.175,FL24126C2-021,595348
891975,5/20/24,Whey Powder,1005061,WHEY POWDER 25KG,2480.175,FL24126C2-022,595348
891975,5/20/24,Whey Powder,1005061,WHEY POWDER 25KG,2480.175,FL24126C2-023,595348
891975,5/20/24,Whey Powder,1005061,WHEY POWDER 25KG,2480.175,FL24126C2-024,595348
891975,5/20/24,Whey Powder,1005061,WHEY POWDER 25KG,2480.175,FL24126C2-025,595348
891975,5/20/24,Whey Powder,1005061,WHEY POWDER 25KG,2480.175,FL24126C2-026,595348
891975,5/20/24,Whey Powder,1005061,WHEY POWDER 25KG,2480.175,FL24126C2-027,595348
891975,5/20/24,Whey Powder,1005061,WHEY POWDER 25KG,2480.175,FL24126C2-028,595348
891975,5/20/24,Whey Powder,1005061,WHEY POWDER 25KG,2480.175,FL24126C2-029,595348
891975,5/20/24,Whey Powder,1005061,WHEY POWDER 25KG,2480.175,FL24126C2-030,595348
891975,5/20/24,Whey Powder,1005061,WHEY POWDER 25KG,2480.175,FL24126C2-031,595348
891975,5/20/24,Whey Powder,1005061,WHEY POWDER 25KG,2480.175,FL24126C2-032,595348
891976,5/20/24,Whey Powder,1005061,WHEY POWDER 25KG,2480.175,FL24126C2-033,595343
891976,5/20/24,Whey Powder,1005061,WHEY POWDER 25KG,2480.175,FL24126C2-034,595343
891976,5/20/24,Whey Powder,1005061,WHEY POWDER 25KG,2480.175,FL24126C2-035,595343
891976,5/20/24,Whey Powder,1005061,WHEY POWDER 25KG,2480.175,FL24126C2-036,595343
891976,5/20/24,Whey Powder,1005061,WHEY POWDER 25KG,2480.175,FL24126C2-037,595343
891976,5/20/24,Whey Powder,1005061,WHEY POWDER 25KG,2480.175,FL24126C2-038,595343
891976,5/20/24,Whey Powder,1005061,WHEY POWDER 25KG,2480.175,FL24126C2-039,595343
891976,5/20/24,Whey Powder,1005061,WHEY POWDER 25KG,2480.175,FL24126C2-040,595343
891976,5/20/24,Whey Powder,1005061,WHEY POWDER 25KG,2480.175,FL24126C2-041,595343
891976,5/20/24,Whey Powder,1005061,WHEY POWDER 25KG,2480.175,FL24126C2-042,595343
891976,5/20/24,Whey Powder,1005061,WHEY POWDER 25KG,2480.175,FL24126C2-043,595343
891976,5/20/24,Whey Powder,1005061,WHEY POWDER 25KG,2480.175,FL24126C2-044,595343
891976,5/20/24,Whey Powder,1005061,WHEY POWDER 25KG,2480.175,FL24126C2-045,595343
891976,5/20/24,Whey Powder,1005061,WHEY POWDER 25KG,2480.175,FL24126C2-046,595343
891976,5/20/24,Whey Powder,1005061,WHEY POWDER 25KG,2480.175,FL24126C2-047,595343
891976,5/20/24,Whey Powder,1005061,WHEY POWDER 25KG,2480.175,FL24126C2-048,595343
891976,5/20/24,Whey Powder,1005061,WHEY POWDER 25KG,2480.175,FL24126C2-049,595343
891477,5/20/24,Whey Powder,1005061,WHEY POWDER 25KG,2480.175,FL24126C2-050,595411
888647,5/21/24,Whey Powder,1005061,WHEY POWDER 25KG,2480.175,FL24127C1-039,595471
888647,5/21/24,Whey Powder,1005061,WHEY POWDER 25KG,2480.175,FL24127C1-040,595471
888647,5/21/24,Whey Powder,1005061,WHEY POWDER 25KG,2480.175,FL24127C1-041,595471
888647,5/21/24,Whey Powder,1005061,WHEY POWDER 25KG,2480.175,FL24127C1-042,595471
888647,5/21/24,Whey Powder,1005061,WHEY POWDER 25KG,2480.175,FL24127C1-043,595471
888647,5/21/24,Whey Powder,1005061,WHEY POWDER 25KG,2480.175,FL24127C1-044,595471
888647,5/21/24,Whey Powder,1005061,WHEY POWDER 25KG,2480.175,FL24127C1-045,595471
888647,5/21/24,Whey Powder,1005061,WHEY POWDER 25KG,2480.175,FL24127C1-046,595471
888647,5/21/24,Whey Powder,1005061,WHEY POWDER 25KG,2480.175,FL24127C1-047,595471
888647,5/21/24,Whey Powder,1005061,WHEY POWDER 25KG,2480.175,FL24127C1-048,595471
888647,5/21/24,Whey Powder,1005061,WHEY POWDER 25KG,2480.175,FL24127C1-049,595471
888647,5/21/24,Whey Powder,1005061,WHEY POWDER 25KG,2480.175,FL24127C1-050,595471
888647,5/21/24,Whey Powder,1005061,WHEY POWDER 25KG,2480.175,FL24127C1-051,595471
888647,5/21/24,Whey Powder,1005061,WHEY POWDER 25KG,2480.175,FL24127C1-052,595471
888647,5/21/24,Whey Powder,1005061,WHEY POWDER 25KG,2480.175,FL24127C1-053,595471
888647,5/21/24,Whey Powder,1005061,WHEY POWDER 25KG,2480.175,FL24127C1-054,595471
888647,5/21/24,Whey Powder,1005061,WHEY POWDER 25KG,2480.175,FL24127C1-055,595471
888648,5/22/24,Whey Powder,1005061,WHEY POWDER 25KG,2480.175,FL24127C1-056,595685
888648,5/22/24,Whey Powder,1005061,WHEY POWDER 25KG,2480.175,FL24127C1-057,595685
888648,5/22/24,Whey Powder,1005061,WHEY POWDER 25KG,2480.175,FL24127C1-059,595685
888648,5/22/24,Whey Powder,1005061,WHEY POWDER 25KG,2480.175,FL24127C1-067,595685
888648,5/22/24,Whey Powder,1005061,WHEY POWDER 25KG,2480.175,FL24127C1-069,595685
888648,5/22/24,Whey Powder,1005061,WHEY POWDER 25KG,2480.175,FL24127C1-070,595685
888648,5/22/24,Whey Powder,1005061,WHEY POWDER 25KG,2480.175,FL24127C1-071,595685
888648,5/22/24,Whey Powder,1005061,WHEY POWDER 25KG,2480.175,FL24127C1-073,595685
888648,5/22/24,Whey Powder,1005061,WHEY POWDER 25KG,2480.175,FL24127C1-074,595685
888648,5/22/24,Whey Powder,1005061,WHEY POWDER 25KG,2480.175,FL24127C1-075,595685
888648,5/22/24,Whey Powder,1005061,WHEY POWDER 25KG,2480.175,FL24127C1-076,595685
888648,5/22/24,Whey Powder,1005061,WHEY POWDER 25KG,2480.175,FL24127C1-077,595685
888648,5/22/24,Whey Powder,1005061,WHEY POWDER 25KG,2480.175,FL24127C1-078,595685
888648,5/22/24,Whey Powder,1005061,WHEY POWDER 25KG,2480.175,FL24127C1-079,595685
888648,5/22/24,Whey Powder,1005061,WHEY POWDER 25KG,2480.175,FL24127C1-080,595685
888648,5/22/24,Whey Powder,1005061,WHEY POWDER 25KG,2480.175,FL24127C1-082,595685
888648,5/22/24,Whey Powder,1005061,WHEY POWDER 25KG,2480.175,FL24127C1-083,595685
888650,5/22/24,Whey Powder,1005061,WHEY POWDER 25KG,2480.175,FL24127C1-084,595718
888650,5/22/24,Whey Powder,1005061,WHEY POWDER 25KG,2480.175,FL24127C1-086,595718
888650,5/22/24,Whey Powder,1005061,WHEY POWDER 25KG,2480.175,FL24127C1-087,595718
888650,5/22/24,Whey Powder,1005061,WHEY POWDER 25KG,2480.175,FL24127C1-088,595718
888650,5/22/24,Whey Powder,1005061,WHEY POWDER 25KG,2480.175,FL24127C1-089,595718
888650,5/22/24,Whey Powder,1005061,WHEY POWDER 25KG,2480.175,FL24127C1-090,595718
888650,5/22/24,Whey Powder,1005061,WHEY POWDER 25KG,2480.175,FL24127C1-091,595718
888650,5/22/24,Whey Powder,1005061,WHEY POWDER 25KG,2480.175,FL24127C1-092,595718
888650,5/22/24,Whey Powder,1005061,WHEY POWDER 25KG,2480.175,FL24127C1-093,595718
888650,5/22/24,Whey Powder,1005061,WHEY POWDER 25KG,2480.175,FL24127C1-094,595718
888650,5/22/24,Whey Powder,1005061,WHEY POWDER 25KG,2480.175,FL24127C1-095,595718
888650,5/22/24,Whey Powder,1005061,WHEY POWDER 25KG,2480.175,FL24127C1-096,595718
888650,5/22/24,Whey Powder,1005061,WHEY POWDER 25KG,2480.175,FL24127C1-097,595718
888650,5/22/24,Whey Powder,1005061,WHEY POWDER 25KG,2480.175,FL24127C1-098,595718
888650,5/22/24,Whey Powder,1005061,WHEY POWDER 25KG,2480.175,FL24127C1-099,595718
888650,5/22/24,Whey Powder,1005061,WHEY POWDER 25KG,2480.175,FL24127C1-100,595718
888650,5/22/24,Whey Powder,1005061,WHEY POWDER 25KG,2480.175,FL24127C1-101,595718
892614,5/22/24,Whey Powder,1005061,WHEY POWDER 25KG,2480.175,FL24127C1-118,595690
892614,5/22/24,Whey Powder,1005061,WHEY POWDER 25KG,2480.175,FL24127C1-119,595690
892614,5/22/24,Whey Powder,1005061,WHEY POWDER 25KG,2480.175,FL24127C1-120,595690
892614,5/22/24,Whey Powder,1005061,WHEY POWDER 25KG,2480.175,FL24127C1-121,595690
892614,5/22/24,Whey Powder,1005061,WHEY POWDER 25KG,2480.175,FL24127C1-122,595690
892614,5/22/24,Whey Powder,1005061,WHEY POWDER 25KG,2480.175,FL24127C1-123,595690
892614,5/22/24,Whey Powder,1005061,WHEY POWDER 25KG,2480.175,FL24127C1-124,595690
892614,5/22/24,Whey Powder,1005061,WHEY POWDER 25KG,2480.175,FL24127C1-125,595690
892614,5/22/24,Whey Powder,1005061,WHEY POWDER 25KG,2480.175,FL24127C1-126,595690
892614,5/22/24,Whey Powder,1005061,WHEY POWDER 25KG,2480.175,FL24127C1-127,595690
892614,5/22/24,Whey Powder,1005061,WHEY POWDER 25KG,2480.175,FL24127C1-128,595690
892614,5/22/24,Whey Powder,1005061,WHEY POWDER 25KG,2480.175,FL24127C1-129,595690
892614,5/22/24,Whey Powder,1005061,WHEY POWDER 25KG,2480.175,FL24127C1-130,595690
892614,5/22/24,Whey Powder,1005061,WHEY POWDER 25KG,2480.175,FL24127C1-131,595690
892614,5/22/24,Whey Powder,1005061,WHEY POWDER 25KG,2480.175,FL24127C1-132,595690
892614,5/22/24,Whey Powder,1005061,WHEY POWDER 25KG,2480.175,FL24127C1-133,595690
892614,5/22/24,Whey Powder,1005061,WHEY POWDER 25KG,2480.175,FL24127C1-134,595690
890267,5/21/24,Whey Powder,104387,WHEY POWDER CHANGEOVER,2480.175,FL24088X1-010,595469
890267,5/21/24,Whey Powder,104387,WHEY POWDER CHANGEOVER,2480.175,FL24093X1-001,595469
890267,5/21/24,Whey Powder,104387,WHEY POWDER CHANGEOVER,2480.175,FL24093X1-002,595469
890267,5/21/24,Whey Powder,104387,WHEY POWDER CHANGEOVER,2480.175,FL24094X1-001,595469
890267,5/21/24,Whey Powder,104387,WHEY POWDER CHANGEOVER,2480.175,FL24094X1-002,595469
890267,5/21/24,Whey Powder,104387,WHEY POWDER CHANGEOVER,2480.175,FL24094X1-003,595469
890267,5/21/24,Whey Powder,104387,WHEY POWDER CHANGEOVER,2480.175,FL24094X1-004,595469
890267,5/21/24,Whey Powder,104387,WHEY POWDER CHANGEOVER,2480.175,FL24094X1-005,595469
890267,5/21/24,Whey Powder,104387,WHEY POWDER CHANGEOVER,2480.175,FL24101X1-001,595469
890267,5/21/24,Whey Powder,104387,WHEY POWDER CHANGEOVER,2480.175,FL24101X1-002,595469
890267,5/21/24,Whey Powder,104387,WHEY POWDER CHANGEOVER,2480.175,FL24101X1-003,595469
890267,5/21/24,Whey Powder,104387,WHEY POWDER CHANGEOVER,2480.175,FL24105X1-002,595469
890267,5/21/24,Whey Powder,104387,WHEY POWDER CHANGEOVER,2480.175,FL24105X1-003,595469
890267,5/21/24,Whey Powder,104387,WHEY POWDER CHANGEOVER,2480.175,FL24105X1-004,595469
890267,5/21/24,Whey Powder,104387,WHEY POWDER CHANGEOVER,2480.175,FL24107X1-001,595469
890267,5/21/24,Whey Powder,104387,WHEY POWDER CHANGEOVER,2480.175,FL24107X1-002,595469
890267,5/21/24,Whey Powder,104387,WHEY POWDER CHANGEOVER,2425.06,FL24107X1-003,595469
888640,5/16/24,Whey Powder,1005062,WHEY POWDER TOTE (FOOD GRADE) KOSHER,2160,FL24118C2-025,595023
888640,5/16/24,Whey Powder,1005062,WHEY POWDER TOTE (FOOD GRADE) KOSHER,2170,FL24118C2-026,595023
888640,5/16/24,Whey Powder,1005062,WHEY POWDER TOTE (FOOD GRADE) KOSHER,2160,FL24118C2-027,595023
888640,5/16/24,Whey Powder,1005062,WHEY POWDER TOTE (FOOD GRADE) KOSHER,2160,FL24118C2-028,595023
888640,5/16/24,Whey Powder,1005062,WHEY POWDER TOTE (FOOD GRADE) KOSHER,2160,FL24118C2-029,595023
888640,5/16/24,Whey Powder,1005062,WHEY POWDER TOTE (FOOD GRADE) KOSHER,2170,FL24118C2-030,595023
888640,5/16/24,Whey Powder,1005062,WHEY POWDER TOTE (FOOD GRADE) KOSHER,2150,FL24118C2-031,595023
888640,5/16/24,Whey Powder,1005062,WHEY POWDER TOTE (FOOD GRADE) KOSHER,2150,FL24118C2-032,595023
888640,5/16/24,Whey Powder,1005062,WHEY POWDER TOTE (FOOD GRADE) KOSHER,2140,FL24118C2-033,595023
888640,5/16/24,Whey Powder,1005062,WHEY POWDER TOTE (FOOD GRADE) KOSHER,2140,FL24118C2-034,595023
888640,5/16/24,Whey Powder,1005062,WHEY POWDER TOTE (FOOD GRADE) KOSHER,2145,FL24118C2-035,595023
888640,5/16/24,Whey Powder,1005062,WHEY POWDER TOTE (FOOD GRADE) KOSHER,2130,FL24118C2-036,595023
888640,5/16/24,Whey Powder,1005062,WHEY POWDER TOTE (FOOD GRADE) KOSHER,2120,FL24118C2-037,595023
888640,5/16/24,Whey Powder,1005062,WHEY POWDER TOTE (FOOD GRADE) KOSHER,2131,FL24118C2-038,595023
888640,5/16/24,Whey Powder,1005062,WHEY POWDER TOTE (FOOD GRADE) KOSHER,2150,FL24118C2-039,595023
888640,5/16/24,Whey Powder,1005062,WHEY POWDER TOTE (FOOD GRADE) KOSHER,2143,FL24118C2-040,595023
888640,5/16/24,Whey Powder,1005062,WHEY POWDER TOTE (FOOD GRADE) KOSHER,2154,FL24118C2-041,595023
888640,5/16/24,Whey Powder,1005062,WHEY POWDER TOTE (FOOD GRADE) KOSHER,2170,FL24118C2-042,595023
888640,5/16/24,Whey Powder,1005062,WHEY POWDER TOTE (FOOD GRADE) KOSHER,2160,FL24118C2-043,595023
888640,5/16/24,Whey Powder,1005062,WHEY POWDER TOTE (FOOD GRADE) KOSHER,2160,FL24118C2-044,595023
862728,5/21/24,Whey Powder,1005062,WHEY POWDER TOTE (FOOD GRADE) KOSHER,2201,FL24125C2-052,595540
862728,5/21/24,Whey Powder,1005062,WHEY POWDER TOTE (FOOD GRADE) KOSHER,2199,FL24125C2-053,595540
862728,5/21/24,Whey Powder,1005062,WHEY POWDER TOTE (FOOD GRADE) KOSHER,2184,FL24125C2-054,595540
870842,5/16/24,Whey Powder,1005062,WHEY POWDER TOTE (FOOD GRADE) KOSHER,2155,FL24125C2-074,595027
870842,5/16/24,Whey Powder,1005062,WHEY POWDER TOTE (FOOD GRADE) KOSHER,2163,FL24125C2-075,595027
870842,5/16/24,Whey Powder,1005062,WHEY POWDER TOTE (FOOD GRADE) KOSHER,2163,FL24125C2-076,595027
870842,5/16/24,Whey Powder,1005062,WHEY POWDER TOTE (FOOD GRADE) KOSHER,2152,FL24125C2-077,595027
870842,5/16/24,Whey Powder,1005062,WHEY POWDER TOTE (FOOD GRADE) KOSHER,2162,FL24125C2-078,595027
870842,5/16/24,Whey Powder,1005062,WHEY POWDER TOTE (FOOD GRADE) KOSHER,2182,FL24125C2-079,595027
870842,5/16/24,Whey Powder,1005062,WHEY POWDER TOTE (FOOD GRADE) KOSHER,2152,FL24125C2-080,595027
870842,5/16/24,Whey Powder,1005062,WHEY POWDER TOTE (FOOD GRADE) KOSHER,2125,FL24127C2-001,595027
870842,5/16/24,Whey Powder,1005062,WHEY POWDER TOTE (FOOD GRADE) KOSHER,2122,FL24127C2-002,595027
862728,5/21/24,Whey Powder,1005062,WHEY POWDER TOTE (FOOD GRADE) KOSHER,2217,FL24127C2-003,595540
862728,5/21/24,Whey Powder,1005062,WHEY POWDER TOTE (FOOD GRADE) KOSHER,2163,FL24127C2-004,595540
870842,5/16/24,Whey Powder,1005062,WHEY POWDER TOTE (FOOD GRADE) KOSHER,2155,FL24127C2-005,595027
870842,5/16/24,Whey Powder,1005062,WHEY POWDER TOTE (FOOD GRADE) KOSHER,2003,FL24127C2-006,595027
870842,5/16/24,Whey Powder,1005062,WHEY POWDER TOTE (FOOD GRADE) KOSHER,2131,FL24127C2-007,595027
870842,5/16/24,Whey Powder,1005062,WHEY POWDER TOTE (FOOD GRADE) KOSHER,2110,FL24127C2-008,595027
870842,5/16/24,Whey Powder,1005062,WHEY POWDER TOTE (FOOD GRADE) KOSHER,2220,FL24127C2-009,595027
870842,5/16/24,Whey Powder,1005062,WHEY POWDER TOTE (FOOD GRADE) KOSHER,2125,FL24127C2-010,595027
870842,5/16/24,Whey Powder,1005062,WHEY POWDER TOTE (FOOD GRADE) KOSHER,2126,FL24127C2-011,595027
870842,5/16/24,Whey Powder,1005062,WHEY POWDER TOTE (FOOD GRADE) KOSHER,2136,FL24127C2-012,595027
870842,5/16/24,Whey Powder,1005062,WHEY POWDER TOTE (FOOD GRADE) KOSHER,2152,FL24127C2-013,595027
870842,5/16/24,Whey Powder,1005062,WHEY POWDER TOTE (FOOD GRADE) KOSHER,2136,FL24127C2-014,595027
870842,5/16/24,Whey Powder,1005062,WHEY POWDER TOTE (FOOD GRADE) KOSHER,2183,FL24127C2-015,595027
888641,5/16/24,Whey Powder,1005062,WHEY POWDER TOTE (FOOD GRADE) KOSHER,2236,FL24127C2-016,595072
888641,5/16/24,Whey Powder,1005062,WHEY POWDER TOTE (FOOD GRADE) KOSHER,2156,FL24127C2-017,595072
888641,5/16/24,Whey Powder,1005062,WHEY POWDER TOTE (FOOD GRADE) KOSHER,2150,FL24127C2-018,595072
888641,5/16/24,Whey Powder,1005062,WHEY POWDER TOTE (FOOD GRADE) KOSHER,2136,FL24127C2-019,595072
888641,5/16/24,Whey Powder,1005062,WHEY POWDER TOTE (FOOD GRADE) KOSHER,2142,FL24127C2-020,595072
888641,5/16/24,Whey Powder,1005062,WHEY POWDER TOTE (FOOD GRADE) KOSHER,2136,FL24127C2-021,595072
888641,5/16/24,Whey Powder,1005062,WHEY POWDER TOTE (FOOD GRADE) KOSHER,2217,FL24127C2-022,595072
888641,5/16/24,Whey Powder,1005062,WHEY POWDER TOTE (FOOD GRADE) KOSHER,2159,FL24127C2-023,595072
888641,5/16/24,Whey Powder,1005062,WHEY POWDER TOTE (FOOD GRADE) KOSHER,2196,FL24127C2-024,595072
888641,5/16/24,Whey Powder,1005062,WHEY POWDER TOTE (FOOD GRADE) KOSHER,2237,FL24127C2-025,595072
888641,5/16/24,Whey Powder,1005062,WHEY POWDER TOTE (FOOD GRADE) KOSHER,2164,FL24127C2-026,595072
888641,5/16/24,Whey Powder,1005062,WHEY POWDER TOTE (FOOD GRADE) KOSHER,2158,FL24127C2-027,595072
888641,5/16/24,Whey Powder,1005062,WHEY POWDER TOTE (FOOD GRADE) KOSHER,2167,FL24127C2-028,595072
888641,5/16/24,Whey Powder,1005062,WHEY POWDER TOTE (FOOD GRADE) KOSHER,2135,FL24127C2-029,595072
888641,5/16/24,Whey Powder,1005062,WHEY POWDER TOTE (FOOD GRADE) KOSHER,2152,FL24127C2-030,595072
888641,5/16/24,Whey Powder,1005062,WHEY POWDER TOTE (FOOD GRADE) KOSHER,2173,FL24127C2-031,595072
888641,5/16/24,Whey Powder,1005062,WHEY POWDER TOTE (FOOD GRADE) KOSHER,2176,FL24127C2-032,595072
888641,5/16/24,Whey Powder,1005062,WHEY POWDER TOTE (FOOD GRADE) KOSHER,2140,FL24127C2-033,595072
888641,5/16/24,Whey Powder,1005062,WHEY POWDER TOTE (FOOD GRADE) KOSHER,2170,FL24127C2-034,595072
888641,5/16/24,Whey Powder,1005062,WHEY POWDER TOTE (FOOD GRADE) KOSHER,2141,FL24127C2-035,595072
862728,5/21/24,Whey Powder,1005062,WHEY POWDER TOTE (FOOD GRADE) KOSHER,2114,FL24127C2-036,595540
888644,5/17/24,Whey Powder,1005062,WHEY POWDER TOTE (FOOD GRADE) KOSHER,2149,FL24127C2-037,595183
888644,5/17/24,Whey Powder,1005062,WHEY POWDER TOTE (FOOD GRADE) KOSHER,2112,FL24127C2-038,595183
888644,5/17/24,Whey Powder,1005062,WHEY POWDER TOTE (FOOD GRADE) KOSHER,2116,FL24127C2-039,595183
888644,5/17/24,Whey Powder,1005062,WHEY POWDER TOTE (FOOD GRADE) KOSHER,2110,FL24127C2-040,595183
888644,5/17/24,Whey Powder,1005062,WHEY POWDER TOTE (FOOD GRADE) KOSHER,2100,FL24127C2-041,595183
888644,5/17/24,Whey Powder,1005062,WHEY POWDER TOTE (FOOD GRADE) KOSHER,2110,FL24127C2-042,595183
888644,5/17/24,Whey Powder,1005062,WHEY POWDER TOTE (FOOD GRADE) KOSHER,2142,FL24127C2-043,595183
888644,5/17/24,Whey Powder,1005062,WHEY POWDER TOTE (FOOD GRADE) KOSHER,2122,FL24127C2-044,595183
888644,5/17/24,Whey Powder,1005062,WHEY POWDER TOTE (FOOD GRADE) KOSHER,2130,FL24127C2-045,595183
888644,5/17/24,Whey Powder,1005062,WHEY POWDER TOTE (FOOD GRADE) KOSHER,2143,FL24127C2-046,595183
888644,5/17/24,Whey Powder,1005062,WHEY POWDER TOTE (FOOD GRADE) KOSHER,2123,FL24127C2-047,595183
888644,5/17/24,Whey Powder,1005062,WHEY POWDER TOTE (FOOD GRADE) KOSHER,2161,FL24127C2-048,595183
888644,5/17/24,Whey Powder,1005062,WHEY POWDER TOTE (FOOD GRADE) KOSHER,2238,FL24127C2-049,595183
888644,5/17/24,Whey Powder,1005062,WHEY POWDER TOTE (FOOD GRADE) KOSHER,2141,FL24127C2-050,595183
888644,5/17/24,Whey Powder,1005062,WHEY POWDER TOTE (FOOD GRADE) KOSHER,2171,FL24127C2-051,595183
888644,5/17/24,Whey Powder,1005062,WHEY POWDER TOTE (FOOD GRADE) KOSHER,2165,FL24127C2-052,595183
888644,5/17/24,Whey Powder,1005062,WHEY POWDER TOTE (FOOD GRADE) KOSHER,2128,FL24127C2-053,595183
888644,5/17/24,Whey Powder,1005062,WHEY POWDER TOTE (FOOD GRADE) KOSHER,2129,FL24127C2-054,595183
888644,5/17/24,Whey Powder,1005062,WHEY POWDER TOTE (FOOD GRADE) KOSHER,2131,FL24127C2-055,595183
888644,5/17/24,Whey Powder,1005062,WHEY POWDER TOTE (FOOD GRADE) KOSHER,2153,FL24127C2-056,595183
888645,5/20/24,Whey Powder,1005062,WHEY POWDER TOTE (FOOD GRADE) KOSHER,2132,FL24127C2-057,595339
888645,5/20/24,Whey Powder,1005062,WHEY POWDER TOTE (FOOD GRADE) KOSHER,2124,FL24127C2-058,595339
888645,5/20/24,Whey Powder,1005062,WHEY POWDER TOTE (FOOD GRADE) KOSHER,2122,FL24127C2-059,595339
888645,5/20/24,Whey Powder,1005062,WHEY POWDER TOTE (FOOD GRADE) KOSHER,2121,FL24127C2-060,595339
888645,5/20/24,Whey Powder,1005062,WHEY POWDER TOTE (FOOD GRADE) KOSHER,2125,FL24127C2-061,595339
888645,5/20/24,Whey Powder,1005062,WHEY POWDER TOTE (FOOD GRADE) KOSHER,2253,FL24127C2-062,595339
888645,5/20/24,Whey Powder,1005062,WHEY POWDER TOTE (FOOD GRADE) KOSHER,2127,FL24127C2-063,595339
888645,5/20/24,Whey Powder,1005062,WHEY POWDER TOTE (FOOD GRADE) KOSHER,2169,FL24127C2-064,595339
888645,5/20/24,Whey Powder,1005062,WHEY POWDER TOTE (FOOD GRADE) KOSHER,2154,FL24127C2-065,595339
888645,5/20/24,Whey Powder,1005062,WHEY POWDER TOTE (FOOD GRADE) KOSHER,2205,FL24127C2-066,595339
888645,5/20/24,Whey Powder,1005062,WHEY POWDER TOTE (FOOD GRADE) KOSHER,2137,FL24127C2-067,595339
888645,5/20/24,Whey Powder,1005062,WHEY POWDER TOTE (FOOD GRADE) KOSHER,2140,FL24127C2-068,595339
888645,5/20/24,Whey Powder,1005062,WHEY POWDER TOTE (FOOD GRADE) KOSHER,2225,FL24127C2-069,595339
888645,5/20/24,Whey Powder,1005062,WHEY POWDER TOTE (FOOD GRADE) KOSHER,2163,FL24127C2-070,595339
888645,5/20/24,Whey Powder,1005062,WHEY POWDER TOTE (FOOD GRADE) KOSHER,2263,FL24127C2-071,595339
888645,5/20/24,Whey Powder,1005062,WHEY POWDER TOTE (FOOD GRADE) KOSHER,2220,FL24127C2-072,595339
888645,5/20/24,Whey Powder,1005062,WHEY POWDER TOTE (FOOD GRADE) KOSHER,2257,FL24127C2-073,595339
888645,5/20/24,Whey Powder,1005062,WHEY POWDER TOTE (FOOD GRADE) KOSHER,2246,FL24127C2-074,595339
888645,5/20/24,Whey Powder,1005062,WHEY POWDER TOTE (FOOD GRADE) KOSHER,2267,FL24127C2-075,595339
867384,5/22/24,Whey Powder,1005062,WHEY POWDER TOTE (FOOD GRADE) KOSHER,2166,FL24127C2-115,595688
867384,5/22/24,Whey Powder,1005062,WHEY POWDER TOTE (FOOD GRADE) KOSHER,2153,FL24127C2-116,595688
867384,5/22/24,Whey Powder,1005062,WHEY POWDER TOTE (FOOD GRADE) KOSHER,2179,FL24127C2-117,595688
867384,5/22/24,Whey Powder,1005062,WHEY POWDER TOTE (FOOD GRADE) KOSHER,2162,FL24127C2-118,595688
867384,5/22/24,Whey Powder,1005062,WHEY POWDER TOTE (FOOD GRADE) KOSHER,2161,FL24127C2-119,595688
867384,5/22/24,Whey Powder,1005062,WHEY POWDER TOTE (FOOD GRADE) KOSHER,2177,FL24127C2-120,595688
867384,5/22/24,Whey Powder,1005062,WHEY POWDER TOTE (FOOD GRADE) KOSHER,2188,FL24127C2-121,595688
867384,5/22/24,Whey Powder,1005062,WHEY POWDER TOTE (FOOD GRADE) KOSHER,2169,FL24127C2-122,595688
867384,5/22/24,Whey Powder,1005062,WHEY POWDER TOTE (FOOD GRADE) KOSHER,2065,FL24127C2-123,595688
867384,5/22/24,Whey Powder,1005062,WHEY POWDER TOTE (FOOD GRADE) KOSHER,2259,FL24127C2-124,595688
867384,5/22/24,Whey Powder,1005062,WHEY POWDER TOTE (FOOD GRADE) KOSHER,2202,FL24127C2-133,595688
867384,5/22/24,Whey Powder,1005062,WHEY POWDER TOTE (FOOD GRADE) KOSHER,2183,FL24127C2-134,595688
867384,5/22/24,Whey Powder,1005062,WHEY POWDER TOTE (FOOD GRADE) KOSHER,2217,FL24127C2-135,595688
867384,5/22/24,Whey Powder,1005062,WHEY POWDER TOTE (FOOD GRADE) KOSHER,2170,FL24127C2-136,595688
862728,5/21/24,Whey Powder,1005062,WHEY POWDER TOTE (FOOD GRADE) KOSHER,2196,FL24127C2-137,595540
867384,5/22/24,Whey Powder,1005062,WHEY POWDER TOTE (FOOD GRADE) KOSHER,2238,FL24127C2-138,595688
867384,5/22/24,Whey Powder,1005062,WHEY POWDER TOTE (FOOD GRADE) KOSHER,2152,FL24127C2-139,595688
862728,5/21/24,Whey Powder,1005062,WHEY POWDER TOTE (FOOD GRADE) KOSHER,2188,FL24127C2-140,595540
867384,5/22/24,Whey Powder,1005062,WHEY POWDER TOTE (FOOD GRADE) KOSHER,2195,FL24127C2-141,595688
867384,5/22/24,Whey Powder,1005062,WHEY POWDER TOTE (FOOD GRADE) KOSHER,2193,FL24127C2-142,595688
862728,5/21/24,Whey Powder,1005062,WHEY POWDER TOTE (FOOD GRADE) KOSHER,2200,FL24127C2-143,595540
862728,5/21/24,Whey Powder,1005062,WHEY POWDER TOTE (FOOD GRADE) KOSHER,2200,FL24127C2-144,595540
862728,5/21/24,Whey Powder,1005062,WHEY POWDER TOTE (FOOD GRADE) KOSHER,2164,FL24127C2-145,595540
862728,5/21/24,Whey Powder,1005062,WHEY POWDER TOTE (FOOD GRADE) KOSHER,2188,FL24127C2-146,595540
862728,5/21/24,Whey Powder,1005062,WHEY POWDER TOTE (FOOD GRADE) KOSHER,2198,FL24127C2-147,595540
862728,5/21/24,Whey Powder,1005062,WHEY POWDER TOTE (FOOD GRADE) KOSHER,2200,FL24127C2-148,595540
862728,5/21/24,Whey Powder,1005062,WHEY POWDER TOTE (FOOD GRADE) KOSHER,2210,FL24127C2-149,595540
862728,5/21/24,Whey Powder,1005062,WHEY POWDER TOTE (FOOD GRADE) KOSHER,2216,FL24127C2-150,595540
862728,5/21/24,Whey Powder,1005062,WHEY POWDER TOTE (FOOD GRADE) KOSHER,2195,FL24127C2-151,595540
862728,5/21/24,Whey Powder,1005062,WHEY POWDER TOTE (FOOD GRADE) KOSHER,2205,FL24127C2-152,595540
862728,5/21/24,Whey Powder,1005062,WHEY POWDER TOTE (FOOD GRADE) KOSHER,2400,FL24127C2-153,595540
867384,5/22/24,Whey Powder,1005062,WHEY POWDER TOTE (FOOD GRADE) KOSHER,2201,FL24127C2-154,595688